id,command,script,dataset,fold,trial-id,home-dir
17001,python,/home/upadhyan/scratch/SagiXGBoostTreeApproximator/tests/shapefbt_run_new.py,avila,0,1,/home/upadhyan/scratch/SagiXGBoostTreeApproximator
17002,python,/home/upadhyan/scratch/SagiXGBoostTreeApproximator/tests/shapefbt_run_new.py,avila,1,1,/home/upadhyan/scratch/SagiXGBoostTreeApproximator
17003,python,/home/upadhyan/scratch/SagiXGBoostTreeApproximator/tests/shapefbt_run_new.py,avila,2,1,/home/upadhyan/scratch/SagiXGBoostTreeApproximator
17004,python,/home/upadhyan/scratch/SagiXGBoostTreeApproximator/tests/shapefbt_run_new.py,avila,3,1,/home/upadhyan/scratch/SagiXGBoostTreeApproximator
17005,python,/home/upadhyan/scratch/SagiXGBoostTreeApproximator/tests/shapefbt_run_new.py,avila,4,1,/home/upadhyan/scratch/SagiXGBoostTreeApproximator
17006,python,/home/upadhyan/scratch/SagiXGBoostTreeApproximator/tests/shapefbt_run_new.py,avila,0,2,/home/upadhyan/scratch/SagiXGBoostTreeApproximator
17007,python,/home/upadhyan/scratch/SagiXGBoostTreeApproximator/tests/shapefbt_run_new.py,avila,1,2,/home/upadhyan/scratch/SagiXGBoostTreeApproximator
17008,python,/home/upadhyan/scratch/SagiXGBoostTreeApproximator/tests/shapefbt_run_new.py,avila,2,2,/home/upadhyan/scratch/SagiXGBoostTreeApproximator
17009,python,/home/upadhyan/scratch/SagiXGBoostTreeApproximator/tests/shapefbt_run_new.py,avila,3,2,/home/upadhyan/scratch/SagiXGBoostTreeApproximator
17010,python,/home/upadhyan/scratch/SagiXGBoostTreeApproximator/tests/shapefbt_run_new.py,avila,4,2,/home/upadhyan/scratch/SagiXGBoostTreeApproximator
17011,python,/home/upadhyan/scratch/SagiXGBoostTreeApproximator/tests/shapefbt_run_new.py,avila,0,3,/home/upadhyan/scratch/SagiXGBoostTreeApproximator
17012,python,/home/upadhyan/scratch/SagiXGBoostTreeApproximator/tests/shapefbt_run_new.py,avila,1,3,/home/upadhyan/scratch/SagiXGBoostTreeApproximator
17013,python,/home/upadhyan/scratch/SagiXGBoostTreeApproximator/tests/shapefbt_run_new.py,avila,2,3,/home/upadhyan/scratch/SagiXGBoostTreeApproximator
17014,python,/home/upadhyan/scratch/SagiXGBoostTreeApproximator/tests/shapefbt_run_new.py,avila,3,3,/home/upadhyan/scratch/SagiXGBoostTreeApproximator
17015,python,/home/upadhyan/scratch/SagiXGBoostTreeApproximator/tests/shapefbt_run_new.py,avila,4,3,/home/upadhyan/scratch/SagiXGBoostTreeApproximator
17016,python,/home/upadhyan/scratch/SagiXGBoostTreeApproximator/tests/shapefbt_run_new.py,avila,0,4,/home/upadhyan/scratch/SagiXGBoostTreeApproximator
17017,python,/home/upadhyan/scratch/SagiXGBoostTreeApproximator/tests/shapefbt_run_new.py,avila,1,4,/home/upadhyan/scratch/SagiXGBoostTreeApproximator
17018,python,/home/upadhyan/scratch/SagiXGBoostTreeApproximator/tests/shapefbt_run_new.py,avila,2,4,/home/upadhyan/scratch/SagiXGBoostTreeApproximator
17019,python,/home/upadhyan/scratch/SagiXGBoostTreeApproximator/tests/shapefbt_run_new.py,avila,3,4,/home/upadhyan/scratch/SagiXGBoostTreeApproximator
17020,python,/home/upadhyan/scratch/SagiXGBoostTreeApproximator/tests/shapefbt_run_new.py,avila,4,4,/home/upadhyan/scratch/SagiXGBoostTreeApproximator
17021,python,/home/upadhyan/scratch/SagiXGBoostTreeApproximator/tests/shapefbt_run_new.py,avila,0,5,/home/upadhyan/scratch/SagiXGBoostTreeApproximator
17022,python,/home/upadhyan/scratch/SagiXGBoostTreeApproximator/tests/shapefbt_run_new.py,avila,1,5,/home/upadhyan/scratch/SagiXGBoostTreeApproximator
17023,python,/home/upadhyan/scratch/SagiXGBoostTreeApproximator/tests/shapefbt_run_new.py,avila,2,5,/home/upadhyan/scratch/SagiXGBoostTreeApproximator
17025,python,/home/upadhyan/scratch/SagiXGBoostTreeApproximator/tests/shapefbt_run_new.py,avila,4,5,/home/upadhyan/scratch/SagiXGBoostTreeApproximator
17046,python,/home/upadhyan/scratch/SagiXGBoostTreeApproximator/tests/shapefbt_run_new.py,avila,0,10,/home/upadhyan/scratch/SagiXGBoostTreeApproximator
17047,python,/home/upadhyan/scratch/SagiXGBoostTreeApproximator/tests/shapefbt_run_new.py,avila,1,10,/home/upadhyan/scratch/SagiXGBoostTreeApproximator
17048,python,/home/upadhyan/scratch/SagiXGBoostTreeApproximator/tests/shapefbt_run_new.py,avila,2,10,/home/upadhyan/scratch/SagiXGBoostTreeApproximator
17049,python,/home/upadhyan/scratch/SagiXGBoostTreeApproximator/tests/shapefbt_run_new.py,avila,3,10,/home/upadhyan/scratch/SagiXGBoostTreeApproximator
17050,python,/home/upadhyan/scratch/SagiXGBoostTreeApproximator/tests/shapefbt_run_new.py,avila,4,10,/home/upadhyan/scratch/SagiXGBoostTreeApproximator
17051,python,/home/upadhyan/scratch/SagiXGBoostTreeApproximator/tests/shapefbt_run_new.py,avila,0,11,/home/upadhyan/scratch/SagiXGBoostTreeApproximator
17052,python,/home/upadhyan/scratch/SagiXGBoostTreeApproximator/tests/shapefbt_run_new.py,avila,1,11,/home/upadhyan/scratch/SagiXGBoostTreeApproximator
17053,python,/home/upadhyan/scratch/SagiXGBoostTreeApproximator/tests/shapefbt_run_new.py,avila,2,11,/home/upadhyan/scratch/SagiXGBoostTreeApproximator
17054,python,/home/upadhyan/scratch/SagiXGBoostTreeApproximator/tests/shapefbt_run_new.py,avila,3,11,/home/upadhyan/scratch/SagiXGBoostTreeApproximator
17055,python,/home/upadhyan/scratch/SagiXGBoostTreeApproximator/tests/shapefbt_run_new.py,avila,4,11,/home/upadhyan/scratch/SagiXGBoostTreeApproximator
17056,python,/home/upadhyan/scratch/SagiXGBoostTreeApproximator/tests/shapefbt_run_new.py,avila,0,12,/home/upadhyan/scratch/SagiXGBoostTreeApproximator
17057,python,/home/upadhyan/scratch/SagiXGBoostTreeApproximator/tests/shapefbt_run_new.py,avila,1,12,/home/upadhyan/scratch/SagiXGBoostTreeApproximator
17058,python,/home/upadhyan/scratch/SagiXGBoostTreeApproximator/tests/shapefbt_run_new.py,avila,2,12,/home/upadhyan/scratch/SagiXGBoostTreeApproximator
17059,python,/home/upadhyan/scratch/SagiXGBoostTreeApproximator/tests/shapefbt_run_new.py,avila,3,12,/home/upadhyan/scratch/SagiXGBoostTreeApproximator
17060,python,/home/upadhyan/scratch/SagiXGBoostTreeApproximator/tests/shapefbt_run_new.py,avila,4,12,/home/upadhyan/scratch/SagiXGBoostTreeApproximator
17061,python,/home/upadhyan/scratch/SagiXGBoostTreeApproximator/tests/shapefbt_run_new.py,avila,0,13,/home/upadhyan/scratch/SagiXGBoostTreeApproximator
17062,python,/home/upadhyan/scratch/SagiXGBoostTreeApproximator/tests/shapefbt_run_new.py,avila,1,13,/home/upadhyan/scratch/SagiXGBoostTreeApproximator
17063,python,/home/upadhyan/scratch/SagiXGBoostTreeApproximator/tests/shapefbt_run_new.py,avila,2,13,/home/upadhyan/scratch/SagiXGBoostTreeApproximator
17064,python,/home/upadhyan/scratch/SagiXGBoostTreeApproximator/tests/shapefbt_run_new.py,avila,3,13,/home/upadhyan/scratch/SagiXGBoostTreeApproximator
17065,python,/home/upadhyan/scratch/SagiXGBoostTreeApproximator/tests/shapefbt_run_new.py,avila,4,13,/home/upadhyan/scratch/SagiXGBoostTreeApproximator
17066,python,/home/upadhyan/scratch/SagiXGBoostTreeApproximator/tests/shapefbt_run_new.py,avila,0,14,/home/upadhyan/scratch/SagiXGBoostTreeApproximator
17068,python,/home/upadhyan/scratch/SagiXGBoostTreeApproximator/tests/shapefbt_run_new.py,avila,2,14,/home/upadhyan/scratch/SagiXGBoostTreeApproximator
17069,python,/home/upadhyan/scratch/SagiXGBoostTreeApproximator/tests/shapefbt_run_new.py,avila,3,14,/home/upadhyan/scratch/SagiXGBoostTreeApproximator
17070,python,/home/upadhyan/scratch/SagiXGBoostTreeApproximator/tests/shapefbt_run_new.py,avila,4,14,/home/upadhyan/scratch/SagiXGBoostTreeApproximator
17076,python,/home/upadhyan/scratch/SagiXGBoostTreeApproximator/tests/shapefbt_run_new.py,avila,0,16,/home/upadhyan/scratch/SagiXGBoostTreeApproximator
17077,python,/home/upadhyan/scratch/SagiXGBoostTreeApproximator/tests/shapefbt_run_new.py,avila,1,16,/home/upadhyan/scratch/SagiXGBoostTreeApproximator
17078,python,/home/upadhyan/scratch/SagiXGBoostTreeApproximator/tests/shapefbt_run_new.py,avila,2,16,/home/upadhyan/scratch/SagiXGBoostTreeApproximator
17079,python,/home/upadhyan/scratch/SagiXGBoostTreeApproximator/tests/shapefbt_run_new.py,avila,3,16,/home/upadhyan/scratch/SagiXGBoostTreeApproximator
17080,python,/home/upadhyan/scratch/SagiXGBoostTreeApproximator/tests/shapefbt_run_new.py,avila,4,16,/home/upadhyan/scratch/SagiXGBoostTreeApproximator
17081,python,/home/upadhyan/scratch/SagiXGBoostTreeApproximator/tests/shapefbt_run_new.py,avila,0,17,/home/upadhyan/scratch/SagiXGBoostTreeApproximator
17082,python,/home/upadhyan/scratch/SagiXGBoostTreeApproximator/tests/shapefbt_run_new.py,avila,1,17,/home/upadhyan/scratch/SagiXGBoostTreeApproximator
17083,python,/home/upadhyan/scratch/SagiXGBoostTreeApproximator/tests/shapefbt_run_new.py,avila,2,17,/home/upadhyan/scratch/SagiXGBoostTreeApproximator
17084,python,/home/upadhyan/scratch/SagiXGBoostTreeApproximator/tests/shapefbt_run_new.py,avila,3,17,/home/upadhyan/scratch/SagiXGBoostTreeApproximator
17085,python,/home/upadhyan/scratch/SagiXGBoostTreeApproximator/tests/shapefbt_run_new.py,avila,4,17,/home/upadhyan/scratch/SagiXGBoostTreeApproximator
17086,python,/home/upadhyan/scratch/SagiXGBoostTreeApproximator/tests/shapefbt_run_new.py,avila,0,18,/home/upadhyan/scratch/SagiXGBoostTreeApproximator
17087,python,/home/upadhyan/scratch/SagiXGBoostTreeApproximator/tests/shapefbt_run_new.py,avila,1,18,/home/upadhyan/scratch/SagiXGBoostTreeApproximator
17088,python,/home/upadhyan/scratch/SagiXGBoostTreeApproximator/tests/shapefbt_run_new.py,avila,2,18,/home/upadhyan/scratch/SagiXGBoostTreeApproximator
17089,python,/home/upadhyan/scratch/SagiXGBoostTreeApproximator/tests/shapefbt_run_new.py,avila,3,18,/home/upadhyan/scratch/SagiXGBoostTreeApproximator
17090,python,/home/upadhyan/scratch/SagiXGBoostTreeApproximator/tests/shapefbt_run_new.py,avila,4,18,/home/upadhyan/scratch/SagiXGBoostTreeApproximator
17091,python,/home/upadhyan/scratch/SagiXGBoostTreeApproximator/tests/shapefbt_run_new.py,avila,0,19,/home/upadhyan/scratch/SagiXGBoostTreeApproximator
17092,python,/home/upadhyan/scratch/SagiXGBoostTreeApproximator/tests/shapefbt_run_new.py,avila,1,19,/home/upadhyan/scratch/SagiXGBoostTreeApproximator
17093,python,/home/upadhyan/scratch/SagiXGBoostTreeApproximator/tests/shapefbt_run_new.py,avila,2,19,/home/upadhyan/scratch/SagiXGBoostTreeApproximator
17094,python,/home/upadhyan/scratch/SagiXGBoostTreeApproximator/tests/shapefbt_run_new.py,avila,3,19,/home/upadhyan/scratch/SagiXGBoostTreeApproximator
17095,python,/home/upadhyan/scratch/SagiXGBoostTreeApproximator/tests/shapefbt_run_new.py,avila,4,19,/home/upadhyan/scratch/SagiXGBoostTreeApproximator
17096,python,/home/upadhyan/scratch/SagiXGBoostTreeApproximator/tests/shapefbt_run_new.py,avila,0,20,/home/upadhyan/scratch/SagiXGBoostTreeApproximator
17097,python,/home/upadhyan/scratch/SagiXGBoostTreeApproximator/tests/shapefbt_run_new.py,avila,1,20,/home/upadhyan/scratch/SagiXGBoostTreeApproximator
17098,python,/home/upadhyan/scratch/SagiXGBoostTreeApproximator/tests/shapefbt_run_new.py,avila,2,20,/home/upadhyan/scratch/SagiXGBoostTreeApproximator
17099,python,/home/upadhyan/scratch/SagiXGBoostTreeApproximator/tests/shapefbt_run_new.py,avila,3,20,/home/upadhyan/scratch/SagiXGBoostTreeApproximator
17100,python,/home/upadhyan/scratch/SagiXGBoostTreeApproximator/tests/shapefbt_run_new.py,avila,4,20,/home/upadhyan/scratch/SagiXGBoostTreeApproximator
17101,python,/home/upadhyan/scratch/SagiXGBoostTreeApproximator/tests/shapefbt_run_new.py,avila,0,21,/home/upadhyan/scratch/SagiXGBoostTreeApproximator
17102,python,/home/upadhyan/scratch/SagiXGBoostTreeApproximator/tests/shapefbt_run_new.py,avila,1,21,/home/upadhyan/scratch/SagiXGBoostTreeApproximator
17103,python,/home/upadhyan/scratch/SagiXGBoostTreeApproximator/tests/shapefbt_run_new.py,avila,2,21,/home/upadhyan/scratch/SagiXGBoostTreeApproximator
17104,python,/home/upadhyan/scratch/SagiXGBoostTreeApproximator/tests/shapefbt_run_new.py,avila,3,21,/home/upadhyan/scratch/SagiXGBoostTreeApproximator
17105,python,/home/upadhyan/scratch/SagiXGBoostTreeApproximator/tests/shapefbt_run_new.py,avila,4,21,/home/upadhyan/scratch/SagiXGBoostTreeApproximator
17106,python,/home/upadhyan/scratch/SagiXGBoostTreeApproximator/tests/shapefbt_run_new.py,avila,0,22,/home/upadhyan/scratch/SagiXGBoostTreeApproximator
17107,python,/home/upadhyan/scratch/SagiXGBoostTreeApproximator/tests/shapefbt_run_new.py,avila,1,22,/home/upadhyan/scratch/SagiXGBoostTreeApproximator
17108,python,/home/upadhyan/scratch/SagiXGBoostTreeApproximator/tests/shapefbt_run_new.py,avila,2,22,/home/upadhyan/scratch/SagiXGBoostTreeApproximator
17109,python,/home/upadhyan/scratch/SagiXGBoostTreeApproximator/tests/shapefbt_run_new.py,avila,3,22,/home/upadhyan/scratch/SagiXGBoostTreeApproximator
17110,python,/home/upadhyan/scratch/SagiXGBoostTreeApproximator/tests/shapefbt_run_new.py,avila,4,22,/home/upadhyan/scratch/SagiXGBoostTreeApproximator
17116,python,/home/upadhyan/scratch/SagiXGBoostTreeApproximator/tests/shapefbt_run_new.py,avila,0,24,/home/upadhyan/scratch/SagiXGBoostTreeApproximator
17117,python,/home/upadhyan/scratch/SagiXGBoostTreeApproximator/tests/shapefbt_run_new.py,avila,1,24,/home/upadhyan/scratch/SagiXGBoostTreeApproximator
17118,python,/home/upadhyan/scratch/SagiXGBoostTreeApproximator/tests/shapefbt_run_new.py,avila,2,24,/home/upadhyan/scratch/SagiXGBoostTreeApproximator
17119,python,/home/upadhyan/scratch/SagiXGBoostTreeApproximator/tests/shapefbt_run_new.py,avila,3,24,/home/upadhyan/scratch/SagiXGBoostTreeApproximator
17120,python,/home/upadhyan/scratch/SagiXGBoostTreeApproximator/tests/shapefbt_run_new.py,avila,4,24,/home/upadhyan/scratch/SagiXGBoostTreeApproximator
17121,python,/home/upadhyan/scratch/SagiXGBoostTreeApproximator/tests/shapefbt_run_new.py,avila,0,25,/home/upadhyan/scratch/SagiXGBoostTreeApproximator
17122,python,/home/upadhyan/scratch/SagiXGBoostTreeApproximator/tests/shapefbt_run_new.py,avila,1,25,/home/upadhyan/scratch/SagiXGBoostTreeApproximator
17123,python,/home/upadhyan/scratch/SagiXGBoostTreeApproximator/tests/shapefbt_run_new.py,avila,2,25,/home/upadhyan/scratch/SagiXGBoostTreeApproximator
17124,python,/home/upadhyan/scratch/SagiXGBoostTreeApproximator/tests/shapefbt_run_new.py,avila,3,25,/home/upadhyan/scratch/SagiXGBoostTreeApproximator
17125,python,/home/upadhyan/scratch/SagiXGBoostTreeApproximator/tests/shapefbt_run_new.py,avila,4,25,/home/upadhyan/scratch/SagiXGBoostTreeApproximator
17141,python,/home/upadhyan/scratch/SagiXGBoostTreeApproximator/tests/shapefbt_run_new.py,avila,0,29,/home/upadhyan/scratch/SagiXGBoostTreeApproximator
17142,python,/home/upadhyan/scratch/SagiXGBoostTreeApproximator/tests/shapefbt_run_new.py,avila,1,29,/home/upadhyan/scratch/SagiXGBoostTreeApproximator
17143,python,/home/upadhyan/scratch/SagiXGBoostTreeApproximator/tests/shapefbt_run_new.py,avila,2,29,/home/upadhyan/scratch/SagiXGBoostTreeApproximator
17144,python,/home/upadhyan/scratch/SagiXGBoostTreeApproximator/tests/shapefbt_run_new.py,avila,3,29,/home/upadhyan/scratch/SagiXGBoostTreeApproximator
17145,python,/home/upadhyan/scratch/SagiXGBoostTreeApproximator/tests/shapefbt_run_new.py,avila,4,29,/home/upadhyan/scratch/SagiXGBoostTreeApproximator
17146,python,/home/upadhyan/scratch/SagiXGBoostTreeApproximator/tests/shapefbt_run_new.py,avila,0,30,/home/upadhyan/scratch/SagiXGBoostTreeApproximator
17147,python,/home/upadhyan/scratch/SagiXGBoostTreeApproximator/tests/shapefbt_run_new.py,avila,1,30,/home/upadhyan/scratch/SagiXGBoostTreeApproximator
17148,python,/home/upadhyan/scratch/SagiXGBoostTreeApproximator/tests/shapefbt_run_new.py,avila,2,30,/home/upadhyan/scratch/SagiXGBoostTreeApproximator
17149,python,/home/upadhyan/scratch/SagiXGBoostTreeApproximator/tests/shapefbt_run_new.py,avila,3,30,/home/upadhyan/scratch/SagiXGBoostTreeApproximator
17150,python,/home/upadhyan/scratch/SagiXGBoostTreeApproximator/tests/shapefbt_run_new.py,avila,4,30,/home/upadhyan/scratch/SagiXGBoostTreeApproximator
17151,python,/home/upadhyan/scratch/SagiXGBoostTreeApproximator/tests/shapefbt_run_new.py,avila,0,31,/home/upadhyan/scratch/SagiXGBoostTreeApproximator
17152,python,/home/upadhyan/scratch/SagiXGBoostTreeApproximator/tests/shapefbt_run_new.py,avila,1,31,/home/upadhyan/scratch/SagiXGBoostTreeApproximator
17153,python,/home/upadhyan/scratch/SagiXGBoostTreeApproximator/tests/shapefbt_run_new.py,avila,2,31,/home/upadhyan/scratch/SagiXGBoostTreeApproximator
17154,python,/home/upadhyan/scratch/SagiXGBoostTreeApproximator/tests/shapefbt_run_new.py,avila,3,31,/home/upadhyan/scratch/SagiXGBoostTreeApproximator
17155,python,/home/upadhyan/scratch/SagiXGBoostTreeApproximator/tests/shapefbt_run_new.py,avila,4,31,/home/upadhyan/scratch/SagiXGBoostTreeApproximator
17156,python,/home/upadhyan/scratch/SagiXGBoostTreeApproximator/tests/shapefbt_run_new.py,avila,0,32,/home/upadhyan/scratch/SagiXGBoostTreeApproximator
17157,python,/home/upadhyan/scratch/SagiXGBoostTreeApproximator/tests/shapefbt_run_new.py,avila,1,32,/home/upadhyan/scratch/SagiXGBoostTreeApproximator
17158,python,/home/upadhyan/scratch/SagiXGBoostTreeApproximator/tests/shapefbt_run_new.py,avila,2,32,/home/upadhyan/scratch/SagiXGBoostTreeApproximator
17159,python,/home/upadhyan/scratch/SagiXGBoostTreeApproximator/tests/shapefbt_run_new.py,avila,3,32,/home/upadhyan/scratch/SagiXGBoostTreeApproximator
17160,python,/home/upadhyan/scratch/SagiXGBoostTreeApproximator/tests/shapefbt_run_new.py,avila,4,32,/home/upadhyan/scratch/SagiXGBoostTreeApproximator
17161,python,/home/upadhyan/scratch/SagiXGBoostTreeApproximator/tests/shapefbt_run_new.py,avila,0,33,/home/upadhyan/scratch/SagiXGBoostTreeApproximator
17162,python,/home/upadhyan/scratch/SagiXGBoostTreeApproximator/tests/shapefbt_run_new.py,avila,1,33,/home/upadhyan/scratch/SagiXGBoostTreeApproximator
17163,python,/home/upadhyan/scratch/SagiXGBoostTreeApproximator/tests/shapefbt_run_new.py,avila,2,33,/home/upadhyan/scratch/SagiXGBoostTreeApproximator
17164,python,/home/upadhyan/scratch/SagiXGBoostTreeApproximator/tests/shapefbt_run_new.py,avila,3,33,/home/upadhyan/scratch/SagiXGBoostTreeApproximator
17165,python,/home/upadhyan/scratch/SagiXGBoostTreeApproximator/tests/shapefbt_run_new.py,avila,4,33,/home/upadhyan/scratch/SagiXGBoostTreeApproximator
17176,python,/home/upadhyan/scratch/SagiXGBoostTreeApproximator/tests/shapefbt_run_new.py,avila,0,36,/home/upadhyan/scratch/SagiXGBoostTreeApproximator
17177,python,/home/upadhyan/scratch/SagiXGBoostTreeApproximator/tests/shapefbt_run_new.py,avila,1,36,/home/upadhyan/scratch/SagiXGBoostTreeApproximator
17178,python,/home/upadhyan/scratch/SagiXGBoostTreeApproximator/tests/shapefbt_run_new.py,avila,2,36,/home/upadhyan/scratch/SagiXGBoostTreeApproximator
17179,python,/home/upadhyan/scratch/SagiXGBoostTreeApproximator/tests/shapefbt_run_new.py,avila,3,36,/home/upadhyan/scratch/SagiXGBoostTreeApproximator
17180,python,/home/upadhyan/scratch/SagiXGBoostTreeApproximator/tests/shapefbt_run_new.py,avila,4,36,/home/upadhyan/scratch/SagiXGBoostTreeApproximator
17186,python,/home/upadhyan/scratch/SagiXGBoostTreeApproximator/tests/shapefbt_run_new.py,avila,0,38,/home/upadhyan/scratch/SagiXGBoostTreeApproximator
17187,python,/home/upadhyan/scratch/SagiXGBoostTreeApproximator/tests/shapefbt_run_new.py,avila,1,38,/home/upadhyan/scratch/SagiXGBoostTreeApproximator
17188,python,/home/upadhyan/scratch/SagiXGBoostTreeApproximator/tests/shapefbt_run_new.py,avila,2,38,/home/upadhyan/scratch/SagiXGBoostTreeApproximator
17189,python,/home/upadhyan/scratch/SagiXGBoostTreeApproximator/tests/shapefbt_run_new.py,avila,3,38,/home/upadhyan/scratch/SagiXGBoostTreeApproximator
17190,python,/home/upadhyan/scratch/SagiXGBoostTreeApproximator/tests/shapefbt_run_new.py,avila,4,38,/home/upadhyan/scratch/SagiXGBoostTreeApproximator
17191,python,/home/upadhyan/scratch/SagiXGBoostTreeApproximator/tests/shapefbt_run_new.py,avila,0,39,/home/upadhyan/scratch/SagiXGBoostTreeApproximator
17192,python,/home/upadhyan/scratch/SagiXGBoostTreeApproximator/tests/shapefbt_run_new.py,avila,1,39,/home/upadhyan/scratch/SagiXGBoostTreeApproximator
17193,python,/home/upadhyan/scratch/SagiXGBoostTreeApproximator/tests/shapefbt_run_new.py,avila,2,39,/home/upadhyan/scratch/SagiXGBoostTreeApproximator
17194,python,/home/upadhyan/scratch/SagiXGBoostTreeApproximator/tests/shapefbt_run_new.py,avila,3,39,/home/upadhyan/scratch/SagiXGBoostTreeApproximator
17195,python,/home/upadhyan/scratch/SagiXGBoostTreeApproximator/tests/shapefbt_run_new.py,avila,4,39,/home/upadhyan/scratch/SagiXGBoostTreeApproximator
17196,python,/home/upadhyan/scratch/SagiXGBoostTreeApproximator/tests/shapefbt_run_new.py,avila,0,40,/home/upadhyan/scratch/SagiXGBoostTreeApproximator
17197,python,/home/upadhyan/scratch/SagiXGBoostTreeApproximator/tests/shapefbt_run_new.py,avila,1,40,/home/upadhyan/scratch/SagiXGBoostTreeApproximator
17198,python,/home/upadhyan/scratch/SagiXGBoostTreeApproximator/tests/shapefbt_run_new.py,avila,2,40,/home/upadhyan/scratch/SagiXGBoostTreeApproximator
17199,python,/home/upadhyan/scratch/SagiXGBoostTreeApproximator/tests/shapefbt_run_new.py,avila,3,40,/home/upadhyan/scratch/SagiXGBoostTreeApproximator
17200,python,/home/upadhyan/scratch/SagiXGBoostTreeApproximator/tests/shapefbt_run_new.py,avila,4,40,/home/upadhyan/scratch/SagiXGBoostTreeApproximator
17201,python,/home/upadhyan/scratch/SagiXGBoostTreeApproximator/tests/shapefbt_run_new.py,avila,0,41,/home/upadhyan/scratch/SagiXGBoostTreeApproximator
17202,python,/home/upadhyan/scratch/SagiXGBoostTreeApproximator/tests/shapefbt_run_new.py,avila,1,41,/home/upadhyan/scratch/SagiXGBoostTreeApproximator
17203,python,/home/upadhyan/scratch/SagiXGBoostTreeApproximator/tests/shapefbt_run_new.py,avila,2,41,/home/upadhyan/scratch/SagiXGBoostTreeApproximator
17204,python,/home/upadhyan/scratch/SagiXGBoostTreeApproximator/tests/shapefbt_run_new.py,avila,3,41,/home/upadhyan/scratch/SagiXGBoostTreeApproximator
17205,python,/home/upadhyan/scratch/SagiXGBoostTreeApproximator/tests/shapefbt_run_new.py,avila,4,41,/home/upadhyan/scratch/SagiXGBoostTreeApproximator
17206,python,/home/upadhyan/scratch/SagiXGBoostTreeApproximator/tests/shapefbt_run_new.py,avila,0,42,/home/upadhyan/scratch/SagiXGBoostTreeApproximator
17207,python,/home/upadhyan/scratch/SagiXGBoostTreeApproximator/tests/shapefbt_run_new.py,avila,1,42,/home/upadhyan/scratch/SagiXGBoostTreeApproximator
17208,python,/home/upadhyan/scratch/SagiXGBoostTreeApproximator/tests/shapefbt_run_new.py,avila,2,42,/home/upadhyan/scratch/SagiXGBoostTreeApproximator
17209,python,/home/upadhyan/scratch/SagiXGBoostTreeApproximator/tests/shapefbt_run_new.py,avila,3,42,/home/upadhyan/scratch/SagiXGBoostTreeApproximator
17210,python,/home/upadhyan/scratch/SagiXGBoostTreeApproximator/tests/shapefbt_run_new.py,avila,4,42,/home/upadhyan/scratch/SagiXGBoostTreeApproximator
17211,python,/home/upadhyan/scratch/SagiXGBoostTreeApproximator/tests/shapefbt_run_new.py,avila,0,43,/home/upadhyan/scratch/SagiXGBoostTreeApproximator
17212,python,/home/upadhyan/scratch/SagiXGBoostTreeApproximator/tests/shapefbt_run_new.py,avila,1,43,/home/upadhyan/scratch/SagiXGBoostTreeApproximator
17213,python,/home/upadhyan/scratch/SagiXGBoostTreeApproximator/tests/shapefbt_run_new.py,avila,2,43,/home/upadhyan/scratch/SagiXGBoostTreeApproximator
17214,python,/home/upadhyan/scratch/SagiXGBoostTreeApproximator/tests/shapefbt_run_new.py,avila,3,43,/home/upadhyan/scratch/SagiXGBoostTreeApproximator
17215,python,/home/upadhyan/scratch/SagiXGBoostTreeApproximator/tests/shapefbt_run_new.py,avila,4,43,/home/upadhyan/scratch/SagiXGBoostTreeApproximator
17216,python,/home/upadhyan/scratch/SagiXGBoostTreeApproximator/tests/shapefbt_run_new.py,avila,0,44,/home/upadhyan/scratch/SagiXGBoostTreeApproximator
17217,python,/home/upadhyan/scratch/SagiXGBoostTreeApproximator/tests/shapefbt_run_new.py,avila,1,44,/home/upadhyan/scratch/SagiXGBoostTreeApproximator
17218,python,/home/upadhyan/scratch/SagiXGBoostTreeApproximator/tests/shapefbt_run_new.py,avila,2,44,/home/upadhyan/scratch/SagiXGBoostTreeApproximator
17219,python,/home/upadhyan/scratch/SagiXGBoostTreeApproximator/tests/shapefbt_run_new.py,avila,3,44,/home/upadhyan/scratch/SagiXGBoostTreeApproximator
17220,python,/home/upadhyan/scratch/SagiXGBoostTreeApproximator/tests/shapefbt_run_new.py,avila,4,44,/home/upadhyan/scratch/SagiXGBoostTreeApproximator
17221,python,/home/upadhyan/scratch/SagiXGBoostTreeApproximator/tests/shapefbt_run_new.py,avila,0,45,/home/upadhyan/scratch/SagiXGBoostTreeApproximator
17222,python,/home/upadhyan/scratch/SagiXGBoostTreeApproximator/tests/shapefbt_run_new.py,avila,1,45,/home/upadhyan/scratch/SagiXGBoostTreeApproximator
17223,python,/home/upadhyan/scratch/SagiXGBoostTreeApproximator/tests/shapefbt_run_new.py,avila,2,45,/home/upadhyan/scratch/SagiXGBoostTreeApproximator
17224,python,/home/upadhyan/scratch/SagiXGBoostTreeApproximator/tests/shapefbt_run_new.py,avila,3,45,/home/upadhyan/scratch/SagiXGBoostTreeApproximator
17225,python,/home/upadhyan/scratch/SagiXGBoostTreeApproximator/tests/shapefbt_run_new.py,avila,4,45,/home/upadhyan/scratch/SagiXGBoostTreeApproximator
17226,python,/home/upadhyan/scratch/SagiXGBoostTreeApproximator/tests/shapefbt_run_new.py,avila,0,46,/home/upadhyan/scratch/SagiXGBoostTreeApproximator
17227,python,/home/upadhyan/scratch/SagiXGBoostTreeApproximator/tests/shapefbt_run_new.py,avila,1,46,/home/upadhyan/scratch/SagiXGBoostTreeApproximator
17228,python,/home/upadhyan/scratch/SagiXGBoostTreeApproximator/tests/shapefbt_run_new.py,avila,2,46,/home/upadhyan/scratch/SagiXGBoostTreeApproximator
17229,python,/home/upadhyan/scratch/SagiXGBoostTreeApproximator/tests/shapefbt_run_new.py,avila,3,46,/home/upadhyan/scratch/SagiXGBoostTreeApproximator
17230,python,/home/upadhyan/scratch/SagiXGBoostTreeApproximator/tests/shapefbt_run_new.py,avila,4,46,/home/upadhyan/scratch/SagiXGBoostTreeApproximator
17231,python,/home/upadhyan/scratch/SagiXGBoostTreeApproximator/tests/shapefbt_run_new.py,avila,0,47,/home/upadhyan/scratch/SagiXGBoostTreeApproximator
17232,python,/home/upadhyan/scratch/SagiXGBoostTreeApproximator/tests/shapefbt_run_new.py,avila,1,47,/home/upadhyan/scratch/SagiXGBoostTreeApproximator
17233,python,/home/upadhyan/scratch/SagiXGBoostTreeApproximator/tests/shapefbt_run_new.py,avila,2,47,/home/upadhyan/scratch/SagiXGBoostTreeApproximator
17234,python,/home/upadhyan/scratch/SagiXGBoostTreeApproximator/tests/shapefbt_run_new.py,avila,3,47,/home/upadhyan/scratch/SagiXGBoostTreeApproximator
17235,python,/home/upadhyan/scratch/SagiXGBoostTreeApproximator/tests/shapefbt_run_new.py,avila,4,47,/home/upadhyan/scratch/SagiXGBoostTreeApproximator
17236,python,/home/upadhyan/scratch/SagiXGBoostTreeApproximator/tests/shapefbt_run_new.py,avila,0,48,/home/upadhyan/scratch/SagiXGBoostTreeApproximator
17237,python,/home/upadhyan/scratch/SagiXGBoostTreeApproximator/tests/shapefbt_run_new.py,avila,1,48,/home/upadhyan/scratch/SagiXGBoostTreeApproximator
17238,python,/home/upadhyan/scratch/SagiXGBoostTreeApproximator/tests/shapefbt_run_new.py,avila,2,48,/home/upadhyan/scratch/SagiXGBoostTreeApproximator
17239,python,/home/upadhyan/scratch/SagiXGBoostTreeApproximator/tests/shapefbt_run_new.py,avila,3,48,/home/upadhyan/scratch/SagiXGBoostTreeApproximator
17240,python,/home/upadhyan/scratch/SagiXGBoostTreeApproximator/tests/shapefbt_run_new.py,avila,4,48,/home/upadhyan/scratch/SagiXGBoostTreeApproximator
17241,python,/home/upadhyan/scratch/SagiXGBoostTreeApproximator/tests/shapefbt_run_new.py,avila,0,49,/home/upadhyan/scratch/SagiXGBoostTreeApproximator
17242,python,/home/upadhyan/scratch/SagiXGBoostTreeApproximator/tests/shapefbt_run_new.py,avila,1,49,/home/upadhyan/scratch/SagiXGBoostTreeApproximator
17243,python,/home/upadhyan/scratch/SagiXGBoostTreeApproximator/tests/shapefbt_run_new.py,avila,2,49,/home/upadhyan/scratch/SagiXGBoostTreeApproximator
17244,python,/home/upadhyan/scratch/SagiXGBoostTreeApproximator/tests/shapefbt_run_new.py,avila,3,49,/home/upadhyan/scratch/SagiXGBoostTreeApproximator
17245,python,/home/upadhyan/scratch/SagiXGBoostTreeApproximator/tests/shapefbt_run_new.py,avila,4,49,/home/upadhyan/scratch/SagiXGBoostTreeApproximator
17246,python,/home/upadhyan/scratch/SagiXGBoostTreeApproximator/tests/shapefbt_run_new.py,avila,0,50,/home/upadhyan/scratch/SagiXGBoostTreeApproximator
17248,python,/home/upadhyan/scratch/SagiXGBoostTreeApproximator/tests/shapefbt_run_new.py,avila,2,50,/home/upadhyan/scratch/SagiXGBoostTreeApproximator
17249,python,/home/upadhyan/scratch/SagiXGBoostTreeApproximator/tests/shapefbt_run_new.py,avila,3,50,/home/upadhyan/scratch/SagiXGBoostTreeApproximator
17250,python,/home/upadhyan/scratch/SagiXGBoostTreeApproximator/tests/shapefbt_run_new.py,avila,4,50,/home/upadhyan/scratch/SagiXGBoostTreeApproximator
17261,python,/home/upadhyan/scratch/SagiXGBoostTreeApproximator/tests/shapefbt_run_new.py,avila,0,53,/home/upadhyan/scratch/SagiXGBoostTreeApproximator
17262,python,/home/upadhyan/scratch/SagiXGBoostTreeApproximator/tests/shapefbt_run_new.py,avila,1,53,/home/upadhyan/scratch/SagiXGBoostTreeApproximator
17263,python,/home/upadhyan/scratch/SagiXGBoostTreeApproximator/tests/shapefbt_run_new.py,avila,2,53,/home/upadhyan/scratch/SagiXGBoostTreeApproximator
17264,python,/home/upadhyan/scratch/SagiXGBoostTreeApproximator/tests/shapefbt_run_new.py,avila,3,53,/home/upadhyan/scratch/SagiXGBoostTreeApproximator
17265,python,/home/upadhyan/scratch/SagiXGBoostTreeApproximator/tests/shapefbt_run_new.py,avila,4,53,/home/upadhyan/scratch/SagiXGBoostTreeApproximator
17271,python,/home/upadhyan/scratch/SagiXGBoostTreeApproximator/tests/shapefbt_run_new.py,avila,0,55,/home/upadhyan/scratch/SagiXGBoostTreeApproximator
17272,python,/home/upadhyan/scratch/SagiXGBoostTreeApproximator/tests/shapefbt_run_new.py,avila,1,55,/home/upadhyan/scratch/SagiXGBoostTreeApproximator
17273,python,/home/upadhyan/scratch/SagiXGBoostTreeApproximator/tests/shapefbt_run_new.py,avila,2,55,/home/upadhyan/scratch/SagiXGBoostTreeApproximator
17274,python,/home/upadhyan/scratch/SagiXGBoostTreeApproximator/tests/shapefbt_run_new.py,avila,3,55,/home/upadhyan/scratch/SagiXGBoostTreeApproximator
17275,python,/home/upadhyan/scratch/SagiXGBoostTreeApproximator/tests/shapefbt_run_new.py,avila,4,55,/home/upadhyan/scratch/SagiXGBoostTreeApproximator
17286,python,/home/upadhyan/scratch/SagiXGBoostTreeApproximator/tests/shapefbt_run_new.py,avila,0,58,/home/upadhyan/scratch/SagiXGBoostTreeApproximator
17287,python,/home/upadhyan/scratch/SagiXGBoostTreeApproximator/tests/shapefbt_run_new.py,avila,1,58,/home/upadhyan/scratch/SagiXGBoostTreeApproximator
17288,python,/home/upadhyan/scratch/SagiXGBoostTreeApproximator/tests/shapefbt_run_new.py,avila,2,58,/home/upadhyan/scratch/SagiXGBoostTreeApproximator
17290,python,/home/upadhyan/scratch/SagiXGBoostTreeApproximator/tests/shapefbt_run_new.py,avila,4,58,/home/upadhyan/scratch/SagiXGBoostTreeApproximator
17296,python,/home/upadhyan/scratch/SagiXGBoostTreeApproximator/tests/shapefbt_run_new.py,avila,0,60,/home/upadhyan/scratch/SagiXGBoostTreeApproximator
17297,python,/home/upadhyan/scratch/SagiXGBoostTreeApproximator/tests/shapefbt_run_new.py,avila,1,60,/home/upadhyan/scratch/SagiXGBoostTreeApproximator
17298,python,/home/upadhyan/scratch/SagiXGBoostTreeApproximator/tests/shapefbt_run_new.py,avila,2,60,/home/upadhyan/scratch/SagiXGBoostTreeApproximator
17299,python,/home/upadhyan/scratch/SagiXGBoostTreeApproximator/tests/shapefbt_run_new.py,avila,3,60,/home/upadhyan/scratch/SagiXGBoostTreeApproximator
17300,python,/home/upadhyan/scratch/SagiXGBoostTreeApproximator/tests/shapefbt_run_new.py,avila,4,60,/home/upadhyan/scratch/SagiXGBoostTreeApproximator
17301,python,/home/upadhyan/scratch/SagiXGBoostTreeApproximator/tests/shapefbt_run_new.py,avila,0,61,/home/upadhyan/scratch/SagiXGBoostTreeApproximator
17302,python,/home/upadhyan/scratch/SagiXGBoostTreeApproximator/tests/shapefbt_run_new.py,avila,1,61,/home/upadhyan/scratch/SagiXGBoostTreeApproximator
17303,python,/home/upadhyan/scratch/SagiXGBoostTreeApproximator/tests/shapefbt_run_new.py,avila,2,61,/home/upadhyan/scratch/SagiXGBoostTreeApproximator
17304,python,/home/upadhyan/scratch/SagiXGBoostTreeApproximator/tests/shapefbt_run_new.py,avila,3,61,/home/upadhyan/scratch/SagiXGBoostTreeApproximator
17305,python,/home/upadhyan/scratch/SagiXGBoostTreeApproximator/tests/shapefbt_run_new.py,avila,4,61,/home/upadhyan/scratch/SagiXGBoostTreeApproximator
17306,python,/home/upadhyan/scratch/SagiXGBoostTreeApproximator/tests/shapefbt_run_new.py,avila,0,62,/home/upadhyan/scratch/SagiXGBoostTreeApproximator
17307,python,/home/upadhyan/scratch/SagiXGBoostTreeApproximator/tests/shapefbt_run_new.py,avila,1,62,/home/upadhyan/scratch/SagiXGBoostTreeApproximator
17308,python,/home/upadhyan/scratch/SagiXGBoostTreeApproximator/tests/shapefbt_run_new.py,avila,2,62,/home/upadhyan/scratch/SagiXGBoostTreeApproximator
17309,python,/home/upadhyan/scratch/SagiXGBoostTreeApproximator/tests/shapefbt_run_new.py,avila,3,62,/home/upadhyan/scratch/SagiXGBoostTreeApproximator
17310,python,/home/upadhyan/scratch/SagiXGBoostTreeApproximator/tests/shapefbt_run_new.py,avila,4,62,/home/upadhyan/scratch/SagiXGBoostTreeApproximator
17316,python,/home/upadhyan/scratch/SagiXGBoostTreeApproximator/tests/shapefbt_run_new.py,avila,0,64,/home/upadhyan/scratch/SagiXGBoostTreeApproximator
17317,python,/home/upadhyan/scratch/SagiXGBoostTreeApproximator/tests/shapefbt_run_new.py,avila,1,64,/home/upadhyan/scratch/SagiXGBoostTreeApproximator
17318,python,/home/upadhyan/scratch/SagiXGBoostTreeApproximator/tests/shapefbt_run_new.py,avila,2,64,/home/upadhyan/scratch/SagiXGBoostTreeApproximator
17319,python,/home/upadhyan/scratch/SagiXGBoostTreeApproximator/tests/shapefbt_run_new.py,avila,3,64,/home/upadhyan/scratch/SagiXGBoostTreeApproximator
17320,python,/home/upadhyan/scratch/SagiXGBoostTreeApproximator/tests/shapefbt_run_new.py,avila,4,64,/home/upadhyan/scratch/SagiXGBoostTreeApproximator
17331,python,/home/upadhyan/scratch/SagiXGBoostTreeApproximator/tests/shapefbt_run_new.py,avila,0,67,/home/upadhyan/scratch/SagiXGBoostTreeApproximator
17332,python,/home/upadhyan/scratch/SagiXGBoostTreeApproximator/tests/shapefbt_run_new.py,avila,1,67,/home/upadhyan/scratch/SagiXGBoostTreeApproximator
17333,python,/home/upadhyan/scratch/SagiXGBoostTreeApproximator/tests/shapefbt_run_new.py,avila,2,67,/home/upadhyan/scratch/SagiXGBoostTreeApproximator
17334,python,/home/upadhyan/scratch/SagiXGBoostTreeApproximator/tests/shapefbt_run_new.py,avila,3,67,/home/upadhyan/scratch/SagiXGBoostTreeApproximator
17335,python,/home/upadhyan/scratch/SagiXGBoostTreeApproximator/tests/shapefbt_run_new.py,avila,4,67,/home/upadhyan/scratch/SagiXGBoostTreeApproximator
17336,python,/home/upadhyan/scratch/SagiXGBoostTreeApproximator/tests/shapefbt_run_new.py,avila,0,68,/home/upadhyan/scratch/SagiXGBoostTreeApproximator
17337,python,/home/upadhyan/scratch/SagiXGBoostTreeApproximator/tests/shapefbt_run_new.py,avila,1,68,/home/upadhyan/scratch/SagiXGBoostTreeApproximator
17338,python,/home/upadhyan/scratch/SagiXGBoostTreeApproximator/tests/shapefbt_run_new.py,avila,2,68,/home/upadhyan/scratch/SagiXGBoostTreeApproximator
17339,python,/home/upadhyan/scratch/SagiXGBoostTreeApproximator/tests/shapefbt_run_new.py,avila,3,68,/home/upadhyan/scratch/SagiXGBoostTreeApproximator
17340,python,/home/upadhyan/scratch/SagiXGBoostTreeApproximator/tests/shapefbt_run_new.py,avila,4,68,/home/upadhyan/scratch/SagiXGBoostTreeApproximator
17341,python,/home/upadhyan/scratch/SagiXGBoostTreeApproximator/tests/shapefbt_run_new.py,avila,0,69,/home/upadhyan/scratch/SagiXGBoostTreeApproximator
17342,python,/home/upadhyan/scratch/SagiXGBoostTreeApproximator/tests/shapefbt_run_new.py,avila,1,69,/home/upadhyan/scratch/SagiXGBoostTreeApproximator
17343,python,/home/upadhyan/scratch/SagiXGBoostTreeApproximator/tests/shapefbt_run_new.py,avila,2,69,/home/upadhyan/scratch/SagiXGBoostTreeApproximator
17344,python,/home/upadhyan/scratch/SagiXGBoostTreeApproximator/tests/shapefbt_run_new.py,avila,3,69,/home/upadhyan/scratch/SagiXGBoostTreeApproximator
17345,python,/home/upadhyan/scratch/SagiXGBoostTreeApproximator/tests/shapefbt_run_new.py,avila,4,69,/home/upadhyan/scratch/SagiXGBoostTreeApproximator
17351,python,/home/upadhyan/scratch/SagiXGBoostTreeApproximator/tests/shapefbt_run_new.py,avila,0,71,/home/upadhyan/scratch/SagiXGBoostTreeApproximator
17352,python,/home/upadhyan/scratch/SagiXGBoostTreeApproximator/tests/shapefbt_run_new.py,avila,1,71,/home/upadhyan/scratch/SagiXGBoostTreeApproximator
17353,python,/home/upadhyan/scratch/SagiXGBoostTreeApproximator/tests/shapefbt_run_new.py,avila,2,71,/home/upadhyan/scratch/SagiXGBoostTreeApproximator
17354,python,/home/upadhyan/scratch/SagiXGBoostTreeApproximator/tests/shapefbt_run_new.py,avila,3,71,/home/upadhyan/scratch/SagiXGBoostTreeApproximator
17355,python,/home/upadhyan/scratch/SagiXGBoostTreeApproximator/tests/shapefbt_run_new.py,avila,4,71,/home/upadhyan/scratch/SagiXGBoostTreeApproximator
17361,python,/home/upadhyan/scratch/SagiXGBoostTreeApproximator/tests/shapefbt_run_new.py,avila,0,73,/home/upadhyan/scratch/SagiXGBoostTreeApproximator
17362,python,/home/upadhyan/scratch/SagiXGBoostTreeApproximator/tests/shapefbt_run_new.py,avila,1,73,/home/upadhyan/scratch/SagiXGBoostTreeApproximator
17363,python,/home/upadhyan/scratch/SagiXGBoostTreeApproximator/tests/shapefbt_run_new.py,avila,2,73,/home/upadhyan/scratch/SagiXGBoostTreeApproximator
17364,python,/home/upadhyan/scratch/SagiXGBoostTreeApproximator/tests/shapefbt_run_new.py,avila,3,73,/home/upadhyan/scratch/SagiXGBoostTreeApproximator
17365,python,/home/upadhyan/scratch/SagiXGBoostTreeApproximator/tests/shapefbt_run_new.py,avila,4,73,/home/upadhyan/scratch/SagiXGBoostTreeApproximator
17371,python,/home/upadhyan/scratch/SagiXGBoostTreeApproximator/tests/shapefbt_run_new.py,avila,0,75,/home/upadhyan/scratch/SagiXGBoostTreeApproximator
17372,python,/home/upadhyan/scratch/SagiXGBoostTreeApproximator/tests/shapefbt_run_new.py,avila,1,75,/home/upadhyan/scratch/SagiXGBoostTreeApproximator
17373,python,/home/upadhyan/scratch/SagiXGBoostTreeApproximator/tests/shapefbt_run_new.py,avila,2,75,/home/upadhyan/scratch/SagiXGBoostTreeApproximator
17374,python,/home/upadhyan/scratch/SagiXGBoostTreeApproximator/tests/shapefbt_run_new.py,avila,3,75,/home/upadhyan/scratch/SagiXGBoostTreeApproximator
17375,python,/home/upadhyan/scratch/SagiXGBoostTreeApproximator/tests/shapefbt_run_new.py,avila,4,75,/home/upadhyan/scratch/SagiXGBoostTreeApproximator
17381,python,/home/upadhyan/scratch/SagiXGBoostTreeApproximator/tests/shapefbt_run_new.py,avila,0,77,/home/upadhyan/scratch/SagiXGBoostTreeApproximator
17382,python,/home/upadhyan/scratch/SagiXGBoostTreeApproximator/tests/shapefbt_run_new.py,avila,1,77,/home/upadhyan/scratch/SagiXGBoostTreeApproximator
17383,python,/home/upadhyan/scratch/SagiXGBoostTreeApproximator/tests/shapefbt_run_new.py,avila,2,77,/home/upadhyan/scratch/SagiXGBoostTreeApproximator
17384,python,/home/upadhyan/scratch/SagiXGBoostTreeApproximator/tests/shapefbt_run_new.py,avila,3,77,/home/upadhyan/scratch/SagiXGBoostTreeApproximator
17385,python,/home/upadhyan/scratch/SagiXGBoostTreeApproximator/tests/shapefbt_run_new.py,avila,4,77,/home/upadhyan/scratch/SagiXGBoostTreeApproximator
17386,python,/home/upadhyan/scratch/SagiXGBoostTreeApproximator/tests/shapefbt_run_new.py,avila,0,78,/home/upadhyan/scratch/SagiXGBoostTreeApproximator
17387,python,/home/upadhyan/scratch/SagiXGBoostTreeApproximator/tests/shapefbt_run_new.py,avila,1,78,/home/upadhyan/scratch/SagiXGBoostTreeApproximator
17388,python,/home/upadhyan/scratch/SagiXGBoostTreeApproximator/tests/shapefbt_run_new.py,avila,2,78,/home/upadhyan/scratch/SagiXGBoostTreeApproximator
17389,python,/home/upadhyan/scratch/SagiXGBoostTreeApproximator/tests/shapefbt_run_new.py,avila,3,78,/home/upadhyan/scratch/SagiXGBoostTreeApproximator
17390,python,/home/upadhyan/scratch/SagiXGBoostTreeApproximator/tests/shapefbt_run_new.py,avila,4,78,/home/upadhyan/scratch/SagiXGBoostTreeApproximator
17391,python,/home/upadhyan/scratch/SagiXGBoostTreeApproximator/tests/shapefbt_run_new.py,avila,0,79,/home/upadhyan/scratch/SagiXGBoostTreeApproximator
17392,python,/home/upadhyan/scratch/SagiXGBoostTreeApproximator/tests/shapefbt_run_new.py,avila,1,79,/home/upadhyan/scratch/SagiXGBoostTreeApproximator
17393,python,/home/upadhyan/scratch/SagiXGBoostTreeApproximator/tests/shapefbt_run_new.py,avila,2,79,/home/upadhyan/scratch/SagiXGBoostTreeApproximator
17394,python,/home/upadhyan/scratch/SagiXGBoostTreeApproximator/tests/shapefbt_run_new.py,avila,3,79,/home/upadhyan/scratch/SagiXGBoostTreeApproximator
17395,python,/home/upadhyan/scratch/SagiXGBoostTreeApproximator/tests/shapefbt_run_new.py,avila,4,79,/home/upadhyan/scratch/SagiXGBoostTreeApproximator
17396,python,/home/upadhyan/scratch/SagiXGBoostTreeApproximator/tests/shapefbt_run_new.py,avila,0,80,/home/upadhyan/scratch/SagiXGBoostTreeApproximator
17397,python,/home/upadhyan/scratch/SagiXGBoostTreeApproximator/tests/shapefbt_run_new.py,avila,1,80,/home/upadhyan/scratch/SagiXGBoostTreeApproximator
17398,python,/home/upadhyan/scratch/SagiXGBoostTreeApproximator/tests/shapefbt_run_new.py,avila,2,80,/home/upadhyan/scratch/SagiXGBoostTreeApproximator
17399,python,/home/upadhyan/scratch/SagiXGBoostTreeApproximator/tests/shapefbt_run_new.py,avila,3,80,/home/upadhyan/scratch/SagiXGBoostTreeApproximator
17400,python,/home/upadhyan/scratch/SagiXGBoostTreeApproximator/tests/shapefbt_run_new.py,avila,4,80,/home/upadhyan/scratch/SagiXGBoostTreeApproximator
17401,python,/home/upadhyan/scratch/SagiXGBoostTreeApproximator/tests/shapefbt_run_new.py,avila,0,81,/home/upadhyan/scratch/SagiXGBoostTreeApproximator
17402,python,/home/upadhyan/scratch/SagiXGBoostTreeApproximator/tests/shapefbt_run_new.py,avila,1,81,/home/upadhyan/scratch/SagiXGBoostTreeApproximator
17403,python,/home/upadhyan/scratch/SagiXGBoostTreeApproximator/tests/shapefbt_run_new.py,avila,2,81,/home/upadhyan/scratch/SagiXGBoostTreeApproximator
17404,python,/home/upadhyan/scratch/SagiXGBoostTreeApproximator/tests/shapefbt_run_new.py,avila,3,81,/home/upadhyan/scratch/SagiXGBoostTreeApproximator
17405,python,/home/upadhyan/scratch/SagiXGBoostTreeApproximator/tests/shapefbt_run_new.py,avila,4,81,/home/upadhyan/scratch/SagiXGBoostTreeApproximator
17411,python,/home/upadhyan/scratch/SagiXGBoostTreeApproximator/tests/shapefbt_run_new.py,avila,0,83,/home/upadhyan/scratch/SagiXGBoostTreeApproximator
17412,python,/home/upadhyan/scratch/SagiXGBoostTreeApproximator/tests/shapefbt_run_new.py,avila,1,83,/home/upadhyan/scratch/SagiXGBoostTreeApproximator
17413,python,/home/upadhyan/scratch/SagiXGBoostTreeApproximator/tests/shapefbt_run_new.py,avila,2,83,/home/upadhyan/scratch/SagiXGBoostTreeApproximator
17415,python,/home/upadhyan/scratch/SagiXGBoostTreeApproximator/tests/shapefbt_run_new.py,avila,4,83,/home/upadhyan/scratch/SagiXGBoostTreeApproximator
17416,python,/home/upadhyan/scratch/SagiXGBoostTreeApproximator/tests/shapefbt_run_new.py,avila,0,84,/home/upadhyan/scratch/SagiXGBoostTreeApproximator
17417,python,/home/upadhyan/scratch/SagiXGBoostTreeApproximator/tests/shapefbt_run_new.py,avila,1,84,/home/upadhyan/scratch/SagiXGBoostTreeApproximator
17421,python,/home/upadhyan/scratch/SagiXGBoostTreeApproximator/tests/shapefbt_run_new.py,avila,0,85,/home/upadhyan/scratch/SagiXGBoostTreeApproximator
17422,python,/home/upadhyan/scratch/SagiXGBoostTreeApproximator/tests/shapefbt_run_new.py,avila,1,85,/home/upadhyan/scratch/SagiXGBoostTreeApproximator
17423,python,/home/upadhyan/scratch/SagiXGBoostTreeApproximator/tests/shapefbt_run_new.py,avila,2,85,/home/upadhyan/scratch/SagiXGBoostTreeApproximator
17424,python,/home/upadhyan/scratch/SagiXGBoostTreeApproximator/tests/shapefbt_run_new.py,avila,3,85,/home/upadhyan/scratch/SagiXGBoostTreeApproximator
17425,python,/home/upadhyan/scratch/SagiXGBoostTreeApproximator/tests/shapefbt_run_new.py,avila,4,85,/home/upadhyan/scratch/SagiXGBoostTreeApproximator
17426,python,/home/upadhyan/scratch/SagiXGBoostTreeApproximator/tests/shapefbt_run_new.py,avila,0,86,/home/upadhyan/scratch/SagiXGBoostTreeApproximator
17427,python,/home/upadhyan/scratch/SagiXGBoostTreeApproximator/tests/shapefbt_run_new.py,avila,1,86,/home/upadhyan/scratch/SagiXGBoostTreeApproximator
17428,python,/home/upadhyan/scratch/SagiXGBoostTreeApproximator/tests/shapefbt_run_new.py,avila,2,86,/home/upadhyan/scratch/SagiXGBoostTreeApproximator
17429,python,/home/upadhyan/scratch/SagiXGBoostTreeApproximator/tests/shapefbt_run_new.py,avila,3,86,/home/upadhyan/scratch/SagiXGBoostTreeApproximator
17430,python,/home/upadhyan/scratch/SagiXGBoostTreeApproximator/tests/shapefbt_run_new.py,avila,4,86,/home/upadhyan/scratch/SagiXGBoostTreeApproximator
17431,python,/home/upadhyan/scratch/SagiXGBoostTreeApproximator/tests/shapefbt_run_new.py,avila,0,87,/home/upadhyan/scratch/SagiXGBoostTreeApproximator
17432,python,/home/upadhyan/scratch/SagiXGBoostTreeApproximator/tests/shapefbt_run_new.py,avila,1,87,/home/upadhyan/scratch/SagiXGBoostTreeApproximator
17433,python,/home/upadhyan/scratch/SagiXGBoostTreeApproximator/tests/shapefbt_run_new.py,avila,2,87,/home/upadhyan/scratch/SagiXGBoostTreeApproximator
17434,python,/home/upadhyan/scratch/SagiXGBoostTreeApproximator/tests/shapefbt_run_new.py,avila,3,87,/home/upadhyan/scratch/SagiXGBoostTreeApproximator
17435,python,/home/upadhyan/scratch/SagiXGBoostTreeApproximator/tests/shapefbt_run_new.py,avila,4,87,/home/upadhyan/scratch/SagiXGBoostTreeApproximator
17436,python,/home/upadhyan/scratch/SagiXGBoostTreeApproximator/tests/shapefbt_run_new.py,avila,0,88,/home/upadhyan/scratch/SagiXGBoostTreeApproximator
17437,python,/home/upadhyan/scratch/SagiXGBoostTreeApproximator/tests/shapefbt_run_new.py,avila,1,88,/home/upadhyan/scratch/SagiXGBoostTreeApproximator
17438,python,/home/upadhyan/scratch/SagiXGBoostTreeApproximator/tests/shapefbt_run_new.py,avila,2,88,/home/upadhyan/scratch/SagiXGBoostTreeApproximator
17439,python,/home/upadhyan/scratch/SagiXGBoostTreeApproximator/tests/shapefbt_run_new.py,avila,3,88,/home/upadhyan/scratch/SagiXGBoostTreeApproximator
17440,python,/home/upadhyan/scratch/SagiXGBoostTreeApproximator/tests/shapefbt_run_new.py,avila,4,88,/home/upadhyan/scratch/SagiXGBoostTreeApproximator
17441,python,/home/upadhyan/scratch/SagiXGBoostTreeApproximator/tests/shapefbt_run_new.py,avila,0,89,/home/upadhyan/scratch/SagiXGBoostTreeApproximator
17442,python,/home/upadhyan/scratch/SagiXGBoostTreeApproximator/tests/shapefbt_run_new.py,avila,1,89,/home/upadhyan/scratch/SagiXGBoostTreeApproximator
17443,python,/home/upadhyan/scratch/SagiXGBoostTreeApproximator/tests/shapefbt_run_new.py,avila,2,89,/home/upadhyan/scratch/SagiXGBoostTreeApproximator
17444,python,/home/upadhyan/scratch/SagiXGBoostTreeApproximator/tests/shapefbt_run_new.py,avila,3,89,/home/upadhyan/scratch/SagiXGBoostTreeApproximator
17445,python,/home/upadhyan/scratch/SagiXGBoostTreeApproximator/tests/shapefbt_run_new.py,avila,4,89,/home/upadhyan/scratch/SagiXGBoostTreeApproximator
17446,python,/home/upadhyan/scratch/SagiXGBoostTreeApproximator/tests/shapefbt_run_new.py,avila,0,90,/home/upadhyan/scratch/SagiXGBoostTreeApproximator
17447,python,/home/upadhyan/scratch/SagiXGBoostTreeApproximator/tests/shapefbt_run_new.py,avila,1,90,/home/upadhyan/scratch/SagiXGBoostTreeApproximator
17448,python,/home/upadhyan/scratch/SagiXGBoostTreeApproximator/tests/shapefbt_run_new.py,avila,2,90,/home/upadhyan/scratch/SagiXGBoostTreeApproximator
17449,python,/home/upadhyan/scratch/SagiXGBoostTreeApproximator/tests/shapefbt_run_new.py,avila,3,90,/home/upadhyan/scratch/SagiXGBoostTreeApproximator
17450,python,/home/upadhyan/scratch/SagiXGBoostTreeApproximator/tests/shapefbt_run_new.py,avila,4,90,/home/upadhyan/scratch/SagiXGBoostTreeApproximator
17451,python,/home/upadhyan/scratch/SagiXGBoostTreeApproximator/tests/shapefbt_run_new.py,avila,0,91,/home/upadhyan/scratch/SagiXGBoostTreeApproximator
17452,python,/home/upadhyan/scratch/SagiXGBoostTreeApproximator/tests/shapefbt_run_new.py,avila,1,91,/home/upadhyan/scratch/SagiXGBoostTreeApproximator
17453,python,/home/upadhyan/scratch/SagiXGBoostTreeApproximator/tests/shapefbt_run_new.py,avila,2,91,/home/upadhyan/scratch/SagiXGBoostTreeApproximator
17454,python,/home/upadhyan/scratch/SagiXGBoostTreeApproximator/tests/shapefbt_run_new.py,avila,3,91,/home/upadhyan/scratch/SagiXGBoostTreeApproximator
17455,python,/home/upadhyan/scratch/SagiXGBoostTreeApproximator/tests/shapefbt_run_new.py,avila,4,91,/home/upadhyan/scratch/SagiXGBoostTreeApproximator
17461,python,/home/upadhyan/scratch/SagiXGBoostTreeApproximator/tests/shapefbt_run_new.py,avila,0,93,/home/upadhyan/scratch/SagiXGBoostTreeApproximator
17462,python,/home/upadhyan/scratch/SagiXGBoostTreeApproximator/tests/shapefbt_run_new.py,avila,1,93,/home/upadhyan/scratch/SagiXGBoostTreeApproximator
17463,python,/home/upadhyan/scratch/SagiXGBoostTreeApproximator/tests/shapefbt_run_new.py,avila,2,93,/home/upadhyan/scratch/SagiXGBoostTreeApproximator
17464,python,/home/upadhyan/scratch/SagiXGBoostTreeApproximator/tests/shapefbt_run_new.py,avila,3,93,/home/upadhyan/scratch/SagiXGBoostTreeApproximator
17465,python,/home/upadhyan/scratch/SagiXGBoostTreeApproximator/tests/shapefbt_run_new.py,avila,4,93,/home/upadhyan/scratch/SagiXGBoostTreeApproximator
17466,python,/home/upadhyan/scratch/SagiXGBoostTreeApproximator/tests/shapefbt_run_new.py,avila,0,94,/home/upadhyan/scratch/SagiXGBoostTreeApproximator
17467,python,/home/upadhyan/scratch/SagiXGBoostTreeApproximator/tests/shapefbt_run_new.py,avila,1,94,/home/upadhyan/scratch/SagiXGBoostTreeApproximator
17468,python,/home/upadhyan/scratch/SagiXGBoostTreeApproximator/tests/shapefbt_run_new.py,avila,2,94,/home/upadhyan/scratch/SagiXGBoostTreeApproximator
17469,python,/home/upadhyan/scratch/SagiXGBoostTreeApproximator/tests/shapefbt_run_new.py,avila,3,94,/home/upadhyan/scratch/SagiXGBoostTreeApproximator
17470,python,/home/upadhyan/scratch/SagiXGBoostTreeApproximator/tests/shapefbt_run_new.py,avila,4,94,/home/upadhyan/scratch/SagiXGBoostTreeApproximator
17471,python,/home/upadhyan/scratch/SagiXGBoostTreeApproximator/tests/shapefbt_run_new.py,avila,0,95,/home/upadhyan/scratch/SagiXGBoostTreeApproximator
17472,python,/home/upadhyan/scratch/SagiXGBoostTreeApproximator/tests/shapefbt_run_new.py,avila,1,95,/home/upadhyan/scratch/SagiXGBoostTreeApproximator
17473,python,/home/upadhyan/scratch/SagiXGBoostTreeApproximator/tests/shapefbt_run_new.py,avila,2,95,/home/upadhyan/scratch/SagiXGBoostTreeApproximator
17474,python,/home/upadhyan/scratch/SagiXGBoostTreeApproximator/tests/shapefbt_run_new.py,avila,3,95,/home/upadhyan/scratch/SagiXGBoostTreeApproximator
17475,python,/home/upadhyan/scratch/SagiXGBoostTreeApproximator/tests/shapefbt_run_new.py,avila,4,95,/home/upadhyan/scratch/SagiXGBoostTreeApproximator
17486,python,/home/upadhyan/scratch/SagiXGBoostTreeApproximator/tests/shapefbt_run_new.py,avila,0,98,/home/upadhyan/scratch/SagiXGBoostTreeApproximator
17487,python,/home/upadhyan/scratch/SagiXGBoostTreeApproximator/tests/shapefbt_run_new.py,avila,1,98,/home/upadhyan/scratch/SagiXGBoostTreeApproximator
17488,python,/home/upadhyan/scratch/SagiXGBoostTreeApproximator/tests/shapefbt_run_new.py,avila,2,98,/home/upadhyan/scratch/SagiXGBoostTreeApproximator
17489,python,/home/upadhyan/scratch/SagiXGBoostTreeApproximator/tests/shapefbt_run_new.py,avila,3,98,/home/upadhyan/scratch/SagiXGBoostTreeApproximator
17490,python,/home/upadhyan/scratch/SagiXGBoostTreeApproximator/tests/shapefbt_run_new.py,avila,4,98,/home/upadhyan/scratch/SagiXGBoostTreeApproximator
17491,python,/home/upadhyan/scratch/SagiXGBoostTreeApproximator/tests/shapefbt_run_new.py,avila,0,99,/home/upadhyan/scratch/SagiXGBoostTreeApproximator
17492,python,/home/upadhyan/scratch/SagiXGBoostTreeApproximator/tests/shapefbt_run_new.py,avila,1,99,/home/upadhyan/scratch/SagiXGBoostTreeApproximator
17493,python,/home/upadhyan/scratch/SagiXGBoostTreeApproximator/tests/shapefbt_run_new.py,avila,2,99,/home/upadhyan/scratch/SagiXGBoostTreeApproximator
17494,python,/home/upadhyan/scratch/SagiXGBoostTreeApproximator/tests/shapefbt_run_new.py,avila,3,99,/home/upadhyan/scratch/SagiXGBoostTreeApproximator
17495,python,/home/upadhyan/scratch/SagiXGBoostTreeApproximator/tests/shapefbt_run_new.py,avila,4,99,/home/upadhyan/scratch/SagiXGBoostTreeApproximator
17496,python,/home/upadhyan/scratch/SagiXGBoostTreeApproximator/tests/shapefbt_run_new.py,avila,0,100,/home/upadhyan/scratch/SagiXGBoostTreeApproximator
17497,python,/home/upadhyan/scratch/SagiXGBoostTreeApproximator/tests/shapefbt_run_new.py,avila,1,100,/home/upadhyan/scratch/SagiXGBoostTreeApproximator
17498,python,/home/upadhyan/scratch/SagiXGBoostTreeApproximator/tests/shapefbt_run_new.py,avila,2,100,/home/upadhyan/scratch/SagiXGBoostTreeApproximator
17499,python,/home/upadhyan/scratch/SagiXGBoostTreeApproximator/tests/shapefbt_run_new.py,avila,3,100,/home/upadhyan/scratch/SagiXGBoostTreeApproximator
17500,python,/home/upadhyan/scratch/SagiXGBoostTreeApproximator/tests/shapefbt_run_new.py,avila,4,100,/home/upadhyan/scratch/SagiXGBoostTreeApproximator
17506,python,/home/upadhyan/scratch/SagiXGBoostTreeApproximator/tests/shapefbt_run_new.py,avila,0,102,/home/upadhyan/scratch/SagiXGBoostTreeApproximator
17507,python,/home/upadhyan/scratch/SagiXGBoostTreeApproximator/tests/shapefbt_run_new.py,avila,1,102,/home/upadhyan/scratch/SagiXGBoostTreeApproximator
17508,python,/home/upadhyan/scratch/SagiXGBoostTreeApproximator/tests/shapefbt_run_new.py,avila,2,102,/home/upadhyan/scratch/SagiXGBoostTreeApproximator
17509,python,/home/upadhyan/scratch/SagiXGBoostTreeApproximator/tests/shapefbt_run_new.py,avila,3,102,/home/upadhyan/scratch/SagiXGBoostTreeApproximator
17510,python,/home/upadhyan/scratch/SagiXGBoostTreeApproximator/tests/shapefbt_run_new.py,avila,4,102,/home/upadhyan/scratch/SagiXGBoostTreeApproximator
17511,python,/home/upadhyan/scratch/SagiXGBoostTreeApproximator/tests/shapefbt_run_new.py,avila,0,103,/home/upadhyan/scratch/SagiXGBoostTreeApproximator
17512,python,/home/upadhyan/scratch/SagiXGBoostTreeApproximator/tests/shapefbt_run_new.py,avila,1,103,/home/upadhyan/scratch/SagiXGBoostTreeApproximator
17513,python,/home/upadhyan/scratch/SagiXGBoostTreeApproximator/tests/shapefbt_run_new.py,avila,2,103,/home/upadhyan/scratch/SagiXGBoostTreeApproximator
17514,python,/home/upadhyan/scratch/SagiXGBoostTreeApproximator/tests/shapefbt_run_new.py,avila,3,103,/home/upadhyan/scratch/SagiXGBoostTreeApproximator
17515,python,/home/upadhyan/scratch/SagiXGBoostTreeApproximator/tests/shapefbt_run_new.py,avila,4,103,/home/upadhyan/scratch/SagiXGBoostTreeApproximator
17516,python,/home/upadhyan/scratch/SagiXGBoostTreeApproximator/tests/shapefbt_run_new.py,avila,0,104,/home/upadhyan/scratch/SagiXGBoostTreeApproximator
17517,python,/home/upadhyan/scratch/SagiXGBoostTreeApproximator/tests/shapefbt_run_new.py,avila,1,104,/home/upadhyan/scratch/SagiXGBoostTreeApproximator
17518,python,/home/upadhyan/scratch/SagiXGBoostTreeApproximator/tests/shapefbt_run_new.py,avila,2,104,/home/upadhyan/scratch/SagiXGBoostTreeApproximator
17519,python,/home/upadhyan/scratch/SagiXGBoostTreeApproximator/tests/shapefbt_run_new.py,avila,3,104,/home/upadhyan/scratch/SagiXGBoostTreeApproximator
17520,python,/home/upadhyan/scratch/SagiXGBoostTreeApproximator/tests/shapefbt_run_new.py,avila,4,104,/home/upadhyan/scratch/SagiXGBoostTreeApproximator
17531,python,/home/upadhyan/scratch/SagiXGBoostTreeApproximator/tests/shapefbt_run_new.py,avila,0,107,/home/upadhyan/scratch/SagiXGBoostTreeApproximator
17532,python,/home/upadhyan/scratch/SagiXGBoostTreeApproximator/tests/shapefbt_run_new.py,avila,1,107,/home/upadhyan/scratch/SagiXGBoostTreeApproximator
17533,python,/home/upadhyan/scratch/SagiXGBoostTreeApproximator/tests/shapefbt_run_new.py,avila,2,107,/home/upadhyan/scratch/SagiXGBoostTreeApproximator
17534,python,/home/upadhyan/scratch/SagiXGBoostTreeApproximator/tests/shapefbt_run_new.py,avila,3,107,/home/upadhyan/scratch/SagiXGBoostTreeApproximator
17535,python,/home/upadhyan/scratch/SagiXGBoostTreeApproximator/tests/shapefbt_run_new.py,avila,4,107,/home/upadhyan/scratch/SagiXGBoostTreeApproximator
17541,python,/home/upadhyan/scratch/SagiXGBoostTreeApproximator/tests/shapefbt_run_new.py,avila,0,109,/home/upadhyan/scratch/SagiXGBoostTreeApproximator
17542,python,/home/upadhyan/scratch/SagiXGBoostTreeApproximator/tests/shapefbt_run_new.py,avila,1,109,/home/upadhyan/scratch/SagiXGBoostTreeApproximator
17543,python,/home/upadhyan/scratch/SagiXGBoostTreeApproximator/tests/shapefbt_run_new.py,avila,2,109,/home/upadhyan/scratch/SagiXGBoostTreeApproximator
17544,python,/home/upadhyan/scratch/SagiXGBoostTreeApproximator/tests/shapefbt_run_new.py,avila,3,109,/home/upadhyan/scratch/SagiXGBoostTreeApproximator
17545,python,/home/upadhyan/scratch/SagiXGBoostTreeApproximator/tests/shapefbt_run_new.py,avila,4,109,/home/upadhyan/scratch/SagiXGBoostTreeApproximator
17546,python,/home/upadhyan/scratch/SagiXGBoostTreeApproximator/tests/shapefbt_run_new.py,avila,0,110,/home/upadhyan/scratch/SagiXGBoostTreeApproximator
17547,python,/home/upadhyan/scratch/SagiXGBoostTreeApproximator/tests/shapefbt_run_new.py,avila,1,110,/home/upadhyan/scratch/SagiXGBoostTreeApproximator
17548,python,/home/upadhyan/scratch/SagiXGBoostTreeApproximator/tests/shapefbt_run_new.py,avila,2,110,/home/upadhyan/scratch/SagiXGBoostTreeApproximator
17549,python,/home/upadhyan/scratch/SagiXGBoostTreeApproximator/tests/shapefbt_run_new.py,avila,3,110,/home/upadhyan/scratch/SagiXGBoostTreeApproximator
17550,python,/home/upadhyan/scratch/SagiXGBoostTreeApproximator/tests/shapefbt_run_new.py,avila,4,110,/home/upadhyan/scratch/SagiXGBoostTreeApproximator
17551,python,/home/upadhyan/scratch/SagiXGBoostTreeApproximator/tests/shapefbt_run_new.py,avila,0,111,/home/upadhyan/scratch/SagiXGBoostTreeApproximator
17552,python,/home/upadhyan/scratch/SagiXGBoostTreeApproximator/tests/shapefbt_run_new.py,avila,1,111,/home/upadhyan/scratch/SagiXGBoostTreeApproximator
17553,python,/home/upadhyan/scratch/SagiXGBoostTreeApproximator/tests/shapefbt_run_new.py,avila,2,111,/home/upadhyan/scratch/SagiXGBoostTreeApproximator
17554,python,/home/upadhyan/scratch/SagiXGBoostTreeApproximator/tests/shapefbt_run_new.py,avila,3,111,/home/upadhyan/scratch/SagiXGBoostTreeApproximator
17555,python,/home/upadhyan/scratch/SagiXGBoostTreeApproximator/tests/shapefbt_run_new.py,avila,4,111,/home/upadhyan/scratch/SagiXGBoostTreeApproximator
17556,python,/home/upadhyan/scratch/SagiXGBoostTreeApproximator/tests/shapefbt_run_new.py,avila,0,112,/home/upadhyan/scratch/SagiXGBoostTreeApproximator
17557,python,/home/upadhyan/scratch/SagiXGBoostTreeApproximator/tests/shapefbt_run_new.py,avila,1,112,/home/upadhyan/scratch/SagiXGBoostTreeApproximator
17558,python,/home/upadhyan/scratch/SagiXGBoostTreeApproximator/tests/shapefbt_run_new.py,avila,2,112,/home/upadhyan/scratch/SagiXGBoostTreeApproximator
17559,python,/home/upadhyan/scratch/SagiXGBoostTreeApproximator/tests/shapefbt_run_new.py,avila,3,112,/home/upadhyan/scratch/SagiXGBoostTreeApproximator
17560,python,/home/upadhyan/scratch/SagiXGBoostTreeApproximator/tests/shapefbt_run_new.py,avila,4,112,/home/upadhyan/scratch/SagiXGBoostTreeApproximator
17566,python,/home/upadhyan/scratch/SagiXGBoostTreeApproximator/tests/shapefbt_run_new.py,avila,0,114,/home/upadhyan/scratch/SagiXGBoostTreeApproximator
17567,python,/home/upadhyan/scratch/SagiXGBoostTreeApproximator/tests/shapefbt_run_new.py,avila,1,114,/home/upadhyan/scratch/SagiXGBoostTreeApproximator
17568,python,/home/upadhyan/scratch/SagiXGBoostTreeApproximator/tests/shapefbt_run_new.py,avila,2,114,/home/upadhyan/scratch/SagiXGBoostTreeApproximator
17569,python,/home/upadhyan/scratch/SagiXGBoostTreeApproximator/tests/shapefbt_run_new.py,avila,3,114,/home/upadhyan/scratch/SagiXGBoostTreeApproximator
17570,python,/home/upadhyan/scratch/SagiXGBoostTreeApproximator/tests/shapefbt_run_new.py,avila,4,114,/home/upadhyan/scratch/SagiXGBoostTreeApproximator
17576,python,/home/upadhyan/scratch/SagiXGBoostTreeApproximator/tests/shapefbt_run_new.py,avila,0,116,/home/upadhyan/scratch/SagiXGBoostTreeApproximator
17577,python,/home/upadhyan/scratch/SagiXGBoostTreeApproximator/tests/shapefbt_run_new.py,avila,1,116,/home/upadhyan/scratch/SagiXGBoostTreeApproximator
17578,python,/home/upadhyan/scratch/SagiXGBoostTreeApproximator/tests/shapefbt_run_new.py,avila,2,116,/home/upadhyan/scratch/SagiXGBoostTreeApproximator
17579,python,/home/upadhyan/scratch/SagiXGBoostTreeApproximator/tests/shapefbt_run_new.py,avila,3,116,/home/upadhyan/scratch/SagiXGBoostTreeApproximator
17580,python,/home/upadhyan/scratch/SagiXGBoostTreeApproximator/tests/shapefbt_run_new.py,avila,4,116,/home/upadhyan/scratch/SagiXGBoostTreeApproximator
17591,python,/home/upadhyan/scratch/SagiXGBoostTreeApproximator/tests/shapefbt_run_new.py,avila,0,119,/home/upadhyan/scratch/SagiXGBoostTreeApproximator
17592,python,/home/upadhyan/scratch/SagiXGBoostTreeApproximator/tests/shapefbt_run_new.py,avila,1,119,/home/upadhyan/scratch/SagiXGBoostTreeApproximator
17593,python,/home/upadhyan/scratch/SagiXGBoostTreeApproximator/tests/shapefbt_run_new.py,avila,2,119,/home/upadhyan/scratch/SagiXGBoostTreeApproximator
17594,python,/home/upadhyan/scratch/SagiXGBoostTreeApproximator/tests/shapefbt_run_new.py,avila,3,119,/home/upadhyan/scratch/SagiXGBoostTreeApproximator
17595,python,/home/upadhyan/scratch/SagiXGBoostTreeApproximator/tests/shapefbt_run_new.py,avila,4,119,/home/upadhyan/scratch/SagiXGBoostTreeApproximator
17596,python,/home/upadhyan/scratch/SagiXGBoostTreeApproximator/tests/shapefbt_run_new.py,avila,0,120,/home/upadhyan/scratch/SagiXGBoostTreeApproximator
17597,python,/home/upadhyan/scratch/SagiXGBoostTreeApproximator/tests/shapefbt_run_new.py,avila,1,120,/home/upadhyan/scratch/SagiXGBoostTreeApproximator
17598,python,/home/upadhyan/scratch/SagiXGBoostTreeApproximator/tests/shapefbt_run_new.py,avila,2,120,/home/upadhyan/scratch/SagiXGBoostTreeApproximator
17599,python,/home/upadhyan/scratch/SagiXGBoostTreeApproximator/tests/shapefbt_run_new.py,avila,3,120,/home/upadhyan/scratch/SagiXGBoostTreeApproximator
17600,python,/home/upadhyan/scratch/SagiXGBoostTreeApproximator/tests/shapefbt_run_new.py,avila,4,120,/home/upadhyan/scratch/SagiXGBoostTreeApproximator
17601,python,/home/upadhyan/scratch/SagiXGBoostTreeApproximator/tests/shapefbt_run_new.py,avila,0,121,/home/upadhyan/scratch/SagiXGBoostTreeApproximator
17602,python,/home/upadhyan/scratch/SagiXGBoostTreeApproximator/tests/shapefbt_run_new.py,avila,1,121,/home/upadhyan/scratch/SagiXGBoostTreeApproximator
17603,python,/home/upadhyan/scratch/SagiXGBoostTreeApproximator/tests/shapefbt_run_new.py,avila,2,121,/home/upadhyan/scratch/SagiXGBoostTreeApproximator
17604,python,/home/upadhyan/scratch/SagiXGBoostTreeApproximator/tests/shapefbt_run_new.py,avila,3,121,/home/upadhyan/scratch/SagiXGBoostTreeApproximator
17605,python,/home/upadhyan/scratch/SagiXGBoostTreeApproximator/tests/shapefbt_run_new.py,avila,4,121,/home/upadhyan/scratch/SagiXGBoostTreeApproximator
17606,python,/home/upadhyan/scratch/SagiXGBoostTreeApproximator/tests/shapefbt_run_new.py,avila,0,122,/home/upadhyan/scratch/SagiXGBoostTreeApproximator
17607,python,/home/upadhyan/scratch/SagiXGBoostTreeApproximator/tests/shapefbt_run_new.py,avila,1,122,/home/upadhyan/scratch/SagiXGBoostTreeApproximator
17608,python,/home/upadhyan/scratch/SagiXGBoostTreeApproximator/tests/shapefbt_run_new.py,avila,2,122,/home/upadhyan/scratch/SagiXGBoostTreeApproximator
17609,python,/home/upadhyan/scratch/SagiXGBoostTreeApproximator/tests/shapefbt_run_new.py,avila,3,122,/home/upadhyan/scratch/SagiXGBoostTreeApproximator
17610,python,/home/upadhyan/scratch/SagiXGBoostTreeApproximator/tests/shapefbt_run_new.py,avila,4,122,/home/upadhyan/scratch/SagiXGBoostTreeApproximator
17616,python,/home/upadhyan/scratch/SagiXGBoostTreeApproximator/tests/shapefbt_run_new.py,avila,0,124,/home/upadhyan/scratch/SagiXGBoostTreeApproximator
17617,python,/home/upadhyan/scratch/SagiXGBoostTreeApproximator/tests/shapefbt_run_new.py,avila,1,124,/home/upadhyan/scratch/SagiXGBoostTreeApproximator
17618,python,/home/upadhyan/scratch/SagiXGBoostTreeApproximator/tests/shapefbt_run_new.py,avila,2,124,/home/upadhyan/scratch/SagiXGBoostTreeApproximator
17619,python,/home/upadhyan/scratch/SagiXGBoostTreeApproximator/tests/shapefbt_run_new.py,avila,3,124,/home/upadhyan/scratch/SagiXGBoostTreeApproximator
17620,python,/home/upadhyan/scratch/SagiXGBoostTreeApproximator/tests/shapefbt_run_new.py,avila,4,124,/home/upadhyan/scratch/SagiXGBoostTreeApproximator
17621,python,/home/upadhyan/scratch/SagiXGBoostTreeApproximator/tests/shapefbt_run_new.py,avila,0,125,/home/upadhyan/scratch/SagiXGBoostTreeApproximator
17622,python,/home/upadhyan/scratch/SagiXGBoostTreeApproximator/tests/shapefbt_run_new.py,avila,1,125,/home/upadhyan/scratch/SagiXGBoostTreeApproximator
17623,python,/home/upadhyan/scratch/SagiXGBoostTreeApproximator/tests/shapefbt_run_new.py,avila,2,125,/home/upadhyan/scratch/SagiXGBoostTreeApproximator
17624,python,/home/upadhyan/scratch/SagiXGBoostTreeApproximator/tests/shapefbt_run_new.py,avila,3,125,/home/upadhyan/scratch/SagiXGBoostTreeApproximator
17625,python,/home/upadhyan/scratch/SagiXGBoostTreeApproximator/tests/shapefbt_run_new.py,avila,4,125,/home/upadhyan/scratch/SagiXGBoostTreeApproximator
17626,python,/home/upadhyan/scratch/SagiXGBoostTreeApproximator/tests/shapefbt_run_new.py,avila,0,126,/home/upadhyan/scratch/SagiXGBoostTreeApproximator
17627,python,/home/upadhyan/scratch/SagiXGBoostTreeApproximator/tests/shapefbt_run_new.py,avila,1,126,/home/upadhyan/scratch/SagiXGBoostTreeApproximator
17628,python,/home/upadhyan/scratch/SagiXGBoostTreeApproximator/tests/shapefbt_run_new.py,avila,2,126,/home/upadhyan/scratch/SagiXGBoostTreeApproximator
17629,python,/home/upadhyan/scratch/SagiXGBoostTreeApproximator/tests/shapefbt_run_new.py,avila,3,126,/home/upadhyan/scratch/SagiXGBoostTreeApproximator
17630,python,/home/upadhyan/scratch/SagiXGBoostTreeApproximator/tests/shapefbt_run_new.py,avila,4,126,/home/upadhyan/scratch/SagiXGBoostTreeApproximator
17631,python,/home/upadhyan/scratch/SagiXGBoostTreeApproximator/tests/shapefbt_run_new.py,avila,0,127,/home/upadhyan/scratch/SagiXGBoostTreeApproximator
17632,python,/home/upadhyan/scratch/SagiXGBoostTreeApproximator/tests/shapefbt_run_new.py,avila,1,127,/home/upadhyan/scratch/SagiXGBoostTreeApproximator
17633,python,/home/upadhyan/scratch/SagiXGBoostTreeApproximator/tests/shapefbt_run_new.py,avila,2,127,/home/upadhyan/scratch/SagiXGBoostTreeApproximator
17634,python,/home/upadhyan/scratch/SagiXGBoostTreeApproximator/tests/shapefbt_run_new.py,avila,3,127,/home/upadhyan/scratch/SagiXGBoostTreeApproximator
17636,python,/home/upadhyan/scratch/SagiXGBoostTreeApproximator/tests/shapefbt_run_new.py,avila,0,128,/home/upadhyan/scratch/SagiXGBoostTreeApproximator
17637,python,/home/upadhyan/scratch/SagiXGBoostTreeApproximator/tests/shapefbt_run_new.py,avila,1,128,/home/upadhyan/scratch/SagiXGBoostTreeApproximator
17638,python,/home/upadhyan/scratch/SagiXGBoostTreeApproximator/tests/shapefbt_run_new.py,avila,2,128,/home/upadhyan/scratch/SagiXGBoostTreeApproximator
17639,python,/home/upadhyan/scratch/SagiXGBoostTreeApproximator/tests/shapefbt_run_new.py,avila,3,128,/home/upadhyan/scratch/SagiXGBoostTreeApproximator
17640,python,/home/upadhyan/scratch/SagiXGBoostTreeApproximator/tests/shapefbt_run_new.py,avila,4,128,/home/upadhyan/scratch/SagiXGBoostTreeApproximator
17641,python,/home/upadhyan/scratch/SagiXGBoostTreeApproximator/tests/shapefbt_run_new.py,avila,0,129,/home/upadhyan/scratch/SagiXGBoostTreeApproximator
17642,python,/home/upadhyan/scratch/SagiXGBoostTreeApproximator/tests/shapefbt_run_new.py,avila,1,129,/home/upadhyan/scratch/SagiXGBoostTreeApproximator
17643,python,/home/upadhyan/scratch/SagiXGBoostTreeApproximator/tests/shapefbt_run_new.py,avila,2,129,/home/upadhyan/scratch/SagiXGBoostTreeApproximator
17644,python,/home/upadhyan/scratch/SagiXGBoostTreeApproximator/tests/shapefbt_run_new.py,avila,3,129,/home/upadhyan/scratch/SagiXGBoostTreeApproximator
17645,python,/home/upadhyan/scratch/SagiXGBoostTreeApproximator/tests/shapefbt_run_new.py,avila,4,129,/home/upadhyan/scratch/SagiXGBoostTreeApproximator
17646,python,/home/upadhyan/scratch/SagiXGBoostTreeApproximator/tests/shapefbt_run_new.py,avila,0,130,/home/upadhyan/scratch/SagiXGBoostTreeApproximator
17647,python,/home/upadhyan/scratch/SagiXGBoostTreeApproximator/tests/shapefbt_run_new.py,avila,1,130,/home/upadhyan/scratch/SagiXGBoostTreeApproximator
17648,python,/home/upadhyan/scratch/SagiXGBoostTreeApproximator/tests/shapefbt_run_new.py,avila,2,130,/home/upadhyan/scratch/SagiXGBoostTreeApproximator
17649,python,/home/upadhyan/scratch/SagiXGBoostTreeApproximator/tests/shapefbt_run_new.py,avila,3,130,/home/upadhyan/scratch/SagiXGBoostTreeApproximator
17650,python,/home/upadhyan/scratch/SagiXGBoostTreeApproximator/tests/shapefbt_run_new.py,avila,4,130,/home/upadhyan/scratch/SagiXGBoostTreeApproximator
17651,python,/home/upadhyan/scratch/SagiXGBoostTreeApproximator/tests/shapefbt_run_new.py,avila,0,131,/home/upadhyan/scratch/SagiXGBoostTreeApproximator
17652,python,/home/upadhyan/scratch/SagiXGBoostTreeApproximator/tests/shapefbt_run_new.py,avila,1,131,/home/upadhyan/scratch/SagiXGBoostTreeApproximator
17653,python,/home/upadhyan/scratch/SagiXGBoostTreeApproximator/tests/shapefbt_run_new.py,avila,2,131,/home/upadhyan/scratch/SagiXGBoostTreeApproximator
17654,python,/home/upadhyan/scratch/SagiXGBoostTreeApproximator/tests/shapefbt_run_new.py,avila,3,131,/home/upadhyan/scratch/SagiXGBoostTreeApproximator
17655,python,/home/upadhyan/scratch/SagiXGBoostTreeApproximator/tests/shapefbt_run_new.py,avila,4,131,/home/upadhyan/scratch/SagiXGBoostTreeApproximator
17656,python,/home/upadhyan/scratch/SagiXGBoostTreeApproximator/tests/shapefbt_run_new.py,avila,0,132,/home/upadhyan/scratch/SagiXGBoostTreeApproximator
17657,python,/home/upadhyan/scratch/SagiXGBoostTreeApproximator/tests/shapefbt_run_new.py,avila,1,132,/home/upadhyan/scratch/SagiXGBoostTreeApproximator
17658,python,/home/upadhyan/scratch/SagiXGBoostTreeApproximator/tests/shapefbt_run_new.py,avila,2,132,/home/upadhyan/scratch/SagiXGBoostTreeApproximator
17659,python,/home/upadhyan/scratch/SagiXGBoostTreeApproximator/tests/shapefbt_run_new.py,avila,3,132,/home/upadhyan/scratch/SagiXGBoostTreeApproximator
17660,python,/home/upadhyan/scratch/SagiXGBoostTreeApproximator/tests/shapefbt_run_new.py,avila,4,132,/home/upadhyan/scratch/SagiXGBoostTreeApproximator
17661,python,/home/upadhyan/scratch/SagiXGBoostTreeApproximator/tests/shapefbt_run_new.py,avila,0,133,/home/upadhyan/scratch/SagiXGBoostTreeApproximator
17662,python,/home/upadhyan/scratch/SagiXGBoostTreeApproximator/tests/shapefbt_run_new.py,avila,1,133,/home/upadhyan/scratch/SagiXGBoostTreeApproximator
17663,python,/home/upadhyan/scratch/SagiXGBoostTreeApproximator/tests/shapefbt_run_new.py,avila,2,133,/home/upadhyan/scratch/SagiXGBoostTreeApproximator
17664,python,/home/upadhyan/scratch/SagiXGBoostTreeApproximator/tests/shapefbt_run_new.py,avila,3,133,/home/upadhyan/scratch/SagiXGBoostTreeApproximator
17665,python,/home/upadhyan/scratch/SagiXGBoostTreeApproximator/tests/shapefbt_run_new.py,avila,4,133,/home/upadhyan/scratch/SagiXGBoostTreeApproximator
17666,python,/home/upadhyan/scratch/SagiXGBoostTreeApproximator/tests/shapefbt_run_new.py,avila,0,134,/home/upadhyan/scratch/SagiXGBoostTreeApproximator
17667,python,/home/upadhyan/scratch/SagiXGBoostTreeApproximator/tests/shapefbt_run_new.py,avila,1,134,/home/upadhyan/scratch/SagiXGBoostTreeApproximator
17668,python,/home/upadhyan/scratch/SagiXGBoostTreeApproximator/tests/shapefbt_run_new.py,avila,2,134,/home/upadhyan/scratch/SagiXGBoostTreeApproximator
17669,python,/home/upadhyan/scratch/SagiXGBoostTreeApproximator/tests/shapefbt_run_new.py,avila,3,134,/home/upadhyan/scratch/SagiXGBoostTreeApproximator
17670,python,/home/upadhyan/scratch/SagiXGBoostTreeApproximator/tests/shapefbt_run_new.py,avila,4,134,/home/upadhyan/scratch/SagiXGBoostTreeApproximator
17671,python,/home/upadhyan/scratch/SagiXGBoostTreeApproximator/tests/shapefbt_run_new.py,avila,0,135,/home/upadhyan/scratch/SagiXGBoostTreeApproximator
17672,python,/home/upadhyan/scratch/SagiXGBoostTreeApproximator/tests/shapefbt_run_new.py,avila,1,135,/home/upadhyan/scratch/SagiXGBoostTreeApproximator
17673,python,/home/upadhyan/scratch/SagiXGBoostTreeApproximator/tests/shapefbt_run_new.py,avila,2,135,/home/upadhyan/scratch/SagiXGBoostTreeApproximator
17674,python,/home/upadhyan/scratch/SagiXGBoostTreeApproximator/tests/shapefbt_run_new.py,avila,3,135,/home/upadhyan/scratch/SagiXGBoostTreeApproximator
17675,python,/home/upadhyan/scratch/SagiXGBoostTreeApproximator/tests/shapefbt_run_new.py,avila,4,135,/home/upadhyan/scratch/SagiXGBoostTreeApproximator
17676,python,/home/upadhyan/scratch/SagiXGBoostTreeApproximator/tests/shapefbt_run_new.py,avila,0,136,/home/upadhyan/scratch/SagiXGBoostTreeApproximator
17677,python,/home/upadhyan/scratch/SagiXGBoostTreeApproximator/tests/shapefbt_run_new.py,avila,1,136,/home/upadhyan/scratch/SagiXGBoostTreeApproximator
17678,python,/home/upadhyan/scratch/SagiXGBoostTreeApproximator/tests/shapefbt_run_new.py,avila,2,136,/home/upadhyan/scratch/SagiXGBoostTreeApproximator
17679,python,/home/upadhyan/scratch/SagiXGBoostTreeApproximator/tests/shapefbt_run_new.py,avila,3,136,/home/upadhyan/scratch/SagiXGBoostTreeApproximator
17680,python,/home/upadhyan/scratch/SagiXGBoostTreeApproximator/tests/shapefbt_run_new.py,avila,4,136,/home/upadhyan/scratch/SagiXGBoostTreeApproximator
17681,python,/home/upadhyan/scratch/SagiXGBoostTreeApproximator/tests/shapefbt_run_new.py,avila,0,137,/home/upadhyan/scratch/SagiXGBoostTreeApproximator
17682,python,/home/upadhyan/scratch/SagiXGBoostTreeApproximator/tests/shapefbt_run_new.py,avila,1,137,/home/upadhyan/scratch/SagiXGBoostTreeApproximator
17683,python,/home/upadhyan/scratch/SagiXGBoostTreeApproximator/tests/shapefbt_run_new.py,avila,2,137,/home/upadhyan/scratch/SagiXGBoostTreeApproximator
17684,python,/home/upadhyan/scratch/SagiXGBoostTreeApproximator/tests/shapefbt_run_new.py,avila,3,137,/home/upadhyan/scratch/SagiXGBoostTreeApproximator
17685,python,/home/upadhyan/scratch/SagiXGBoostTreeApproximator/tests/shapefbt_run_new.py,avila,4,137,/home/upadhyan/scratch/SagiXGBoostTreeApproximator
17686,python,/home/upadhyan/scratch/SagiXGBoostTreeApproximator/tests/shapefbt_run_new.py,avila,0,138,/home/upadhyan/scratch/SagiXGBoostTreeApproximator
17687,python,/home/upadhyan/scratch/SagiXGBoostTreeApproximator/tests/shapefbt_run_new.py,avila,1,138,/home/upadhyan/scratch/SagiXGBoostTreeApproximator
17688,python,/home/upadhyan/scratch/SagiXGBoostTreeApproximator/tests/shapefbt_run_new.py,avila,2,138,/home/upadhyan/scratch/SagiXGBoostTreeApproximator
17689,python,/home/upadhyan/scratch/SagiXGBoostTreeApproximator/tests/shapefbt_run_new.py,avila,3,138,/home/upadhyan/scratch/SagiXGBoostTreeApproximator
17690,python,/home/upadhyan/scratch/SagiXGBoostTreeApproximator/tests/shapefbt_run_new.py,avila,4,138,/home/upadhyan/scratch/SagiXGBoostTreeApproximator
17691,python,/home/upadhyan/scratch/SagiXGBoostTreeApproximator/tests/shapefbt_run_new.py,avila,0,139,/home/upadhyan/scratch/SagiXGBoostTreeApproximator
17692,python,/home/upadhyan/scratch/SagiXGBoostTreeApproximator/tests/shapefbt_run_new.py,avila,1,139,/home/upadhyan/scratch/SagiXGBoostTreeApproximator
17693,python,/home/upadhyan/scratch/SagiXGBoostTreeApproximator/tests/shapefbt_run_new.py,avila,2,139,/home/upadhyan/scratch/SagiXGBoostTreeApproximator
17694,python,/home/upadhyan/scratch/SagiXGBoostTreeApproximator/tests/shapefbt_run_new.py,avila,3,139,/home/upadhyan/scratch/SagiXGBoostTreeApproximator
17695,python,/home/upadhyan/scratch/SagiXGBoostTreeApproximator/tests/shapefbt_run_new.py,avila,4,139,/home/upadhyan/scratch/SagiXGBoostTreeApproximator
17696,python,/home/upadhyan/scratch/SagiXGBoostTreeApproximator/tests/shapefbt_run_new.py,avila,0,140,/home/upadhyan/scratch/SagiXGBoostTreeApproximator
17697,python,/home/upadhyan/scratch/SagiXGBoostTreeApproximator/tests/shapefbt_run_new.py,avila,1,140,/home/upadhyan/scratch/SagiXGBoostTreeApproximator
17698,python,/home/upadhyan/scratch/SagiXGBoostTreeApproximator/tests/shapefbt_run_new.py,avila,2,140,/home/upadhyan/scratch/SagiXGBoostTreeApproximator
17699,python,/home/upadhyan/scratch/SagiXGBoostTreeApproximator/tests/shapefbt_run_new.py,avila,3,140,/home/upadhyan/scratch/SagiXGBoostTreeApproximator
17700,python,/home/upadhyan/scratch/SagiXGBoostTreeApproximator/tests/shapefbt_run_new.py,avila,4,140,/home/upadhyan/scratch/SagiXGBoostTreeApproximator
17701,python,/home/upadhyan/scratch/SagiXGBoostTreeApproximator/tests/shapefbt_run_new.py,avila,0,141,/home/upadhyan/scratch/SagiXGBoostTreeApproximator
17702,python,/home/upadhyan/scratch/SagiXGBoostTreeApproximator/tests/shapefbt_run_new.py,avila,1,141,/home/upadhyan/scratch/SagiXGBoostTreeApproximator
17703,python,/home/upadhyan/scratch/SagiXGBoostTreeApproximator/tests/shapefbt_run_new.py,avila,2,141,/home/upadhyan/scratch/SagiXGBoostTreeApproximator
17704,python,/home/upadhyan/scratch/SagiXGBoostTreeApproximator/tests/shapefbt_run_new.py,avila,3,141,/home/upadhyan/scratch/SagiXGBoostTreeApproximator
17705,python,/home/upadhyan/scratch/SagiXGBoostTreeApproximator/tests/shapefbt_run_new.py,avila,4,141,/home/upadhyan/scratch/SagiXGBoostTreeApproximator
17706,python,/home/upadhyan/scratch/SagiXGBoostTreeApproximator/tests/shapefbt_run_new.py,avila,0,142,/home/upadhyan/scratch/SagiXGBoostTreeApproximator
17707,python,/home/upadhyan/scratch/SagiXGBoostTreeApproximator/tests/shapefbt_run_new.py,avila,1,142,/home/upadhyan/scratch/SagiXGBoostTreeApproximator
17708,python,/home/upadhyan/scratch/SagiXGBoostTreeApproximator/tests/shapefbt_run_new.py,avila,2,142,/home/upadhyan/scratch/SagiXGBoostTreeApproximator
17709,python,/home/upadhyan/scratch/SagiXGBoostTreeApproximator/tests/shapefbt_run_new.py,avila,3,142,/home/upadhyan/scratch/SagiXGBoostTreeApproximator
17710,python,/home/upadhyan/scratch/SagiXGBoostTreeApproximator/tests/shapefbt_run_new.py,avila,4,142,/home/upadhyan/scratch/SagiXGBoostTreeApproximator
17716,python,/home/upadhyan/scratch/SagiXGBoostTreeApproximator/tests/shapefbt_run_new.py,avila,0,144,/home/upadhyan/scratch/SagiXGBoostTreeApproximator
17717,python,/home/upadhyan/scratch/SagiXGBoostTreeApproximator/tests/shapefbt_run_new.py,avila,1,144,/home/upadhyan/scratch/SagiXGBoostTreeApproximator
17718,python,/home/upadhyan/scratch/SagiXGBoostTreeApproximator/tests/shapefbt_run_new.py,avila,2,144,/home/upadhyan/scratch/SagiXGBoostTreeApproximator
17719,python,/home/upadhyan/scratch/SagiXGBoostTreeApproximator/tests/shapefbt_run_new.py,avila,3,144,/home/upadhyan/scratch/SagiXGBoostTreeApproximator
17720,python,/home/upadhyan/scratch/SagiXGBoostTreeApproximator/tests/shapefbt_run_new.py,avila,4,144,/home/upadhyan/scratch/SagiXGBoostTreeApproximator
17721,python,/home/upadhyan/scratch/SagiXGBoostTreeApproximator/tests/shapefbt_run_new.py,avila,0,145,/home/upadhyan/scratch/SagiXGBoostTreeApproximator
17722,python,/home/upadhyan/scratch/SagiXGBoostTreeApproximator/tests/shapefbt_run_new.py,avila,1,145,/home/upadhyan/scratch/SagiXGBoostTreeApproximator
17723,python,/home/upadhyan/scratch/SagiXGBoostTreeApproximator/tests/shapefbt_run_new.py,avila,2,145,/home/upadhyan/scratch/SagiXGBoostTreeApproximator
17724,python,/home/upadhyan/scratch/SagiXGBoostTreeApproximator/tests/shapefbt_run_new.py,avila,3,145,/home/upadhyan/scratch/SagiXGBoostTreeApproximator
17725,python,/home/upadhyan/scratch/SagiXGBoostTreeApproximator/tests/shapefbt_run_new.py,avila,4,145,/home/upadhyan/scratch/SagiXGBoostTreeApproximator
17731,python,/home/upadhyan/scratch/SagiXGBoostTreeApproximator/tests/shapefbt_run_new.py,avila,0,147,/home/upadhyan/scratch/SagiXGBoostTreeApproximator
17732,python,/home/upadhyan/scratch/SagiXGBoostTreeApproximator/tests/shapefbt_run_new.py,avila,1,147,/home/upadhyan/scratch/SagiXGBoostTreeApproximator
17733,python,/home/upadhyan/scratch/SagiXGBoostTreeApproximator/tests/shapefbt_run_new.py,avila,2,147,/home/upadhyan/scratch/SagiXGBoostTreeApproximator
17734,python,/home/upadhyan/scratch/SagiXGBoostTreeApproximator/tests/shapefbt_run_new.py,avila,3,147,/home/upadhyan/scratch/SagiXGBoostTreeApproximator
17735,python,/home/upadhyan/scratch/SagiXGBoostTreeApproximator/tests/shapefbt_run_new.py,avila,4,147,/home/upadhyan/scratch/SagiXGBoostTreeApproximator
17736,python,/home/upadhyan/scratch/SagiXGBoostTreeApproximator/tests/shapefbt_run_new.py,avila,0,148,/home/upadhyan/scratch/SagiXGBoostTreeApproximator
17737,python,/home/upadhyan/scratch/SagiXGBoostTreeApproximator/tests/shapefbt_run_new.py,avila,1,148,/home/upadhyan/scratch/SagiXGBoostTreeApproximator
17738,python,/home/upadhyan/scratch/SagiXGBoostTreeApproximator/tests/shapefbt_run_new.py,avila,2,148,/home/upadhyan/scratch/SagiXGBoostTreeApproximator
17739,python,/home/upadhyan/scratch/SagiXGBoostTreeApproximator/tests/shapefbt_run_new.py,avila,3,148,/home/upadhyan/scratch/SagiXGBoostTreeApproximator
17740,python,/home/upadhyan/scratch/SagiXGBoostTreeApproximator/tests/shapefbt_run_new.py,avila,4,148,/home/upadhyan/scratch/SagiXGBoostTreeApproximator
17741,python,/home/upadhyan/scratch/SagiXGBoostTreeApproximator/tests/shapefbt_run_new.py,avila,0,149,/home/upadhyan/scratch/SagiXGBoostTreeApproximator
17742,python,/home/upadhyan/scratch/SagiXGBoostTreeApproximator/tests/shapefbt_run_new.py,avila,1,149,/home/upadhyan/scratch/SagiXGBoostTreeApproximator
17743,python,/home/upadhyan/scratch/SagiXGBoostTreeApproximator/tests/shapefbt_run_new.py,avila,2,149,/home/upadhyan/scratch/SagiXGBoostTreeApproximator
17744,python,/home/upadhyan/scratch/SagiXGBoostTreeApproximator/tests/shapefbt_run_new.py,avila,3,149,/home/upadhyan/scratch/SagiXGBoostTreeApproximator
17745,python,/home/upadhyan/scratch/SagiXGBoostTreeApproximator/tests/shapefbt_run_new.py,avila,4,149,/home/upadhyan/scratch/SagiXGBoostTreeApproximator
17746,python,/home/upadhyan/scratch/SagiXGBoostTreeApproximator/tests/shapefbt_run_new.py,avila,0,150,/home/upadhyan/scratch/SagiXGBoostTreeApproximator
17747,python,/home/upadhyan/scratch/SagiXGBoostTreeApproximator/tests/shapefbt_run_new.py,avila,1,150,/home/upadhyan/scratch/SagiXGBoostTreeApproximator
17748,python,/home/upadhyan/scratch/SagiXGBoostTreeApproximator/tests/shapefbt_run_new.py,avila,2,150,/home/upadhyan/scratch/SagiXGBoostTreeApproximator
17749,python,/home/upadhyan/scratch/SagiXGBoostTreeApproximator/tests/shapefbt_run_new.py,avila,3,150,/home/upadhyan/scratch/SagiXGBoostTreeApproximator
17750,python,/home/upadhyan/scratch/SagiXGBoostTreeApproximator/tests/shapefbt_run_new.py,avila,4,150,/home/upadhyan/scratch/SagiXGBoostTreeApproximator
17751,python,/home/upadhyan/scratch/SagiXGBoostTreeApproximator/tests/shapefbt_run_new.py,avila,0,151,/home/upadhyan/scratch/SagiXGBoostTreeApproximator
17752,python,/home/upadhyan/scratch/SagiXGBoostTreeApproximator/tests/shapefbt_run_new.py,avila,1,151,/home/upadhyan/scratch/SagiXGBoostTreeApproximator
17753,python,/home/upadhyan/scratch/SagiXGBoostTreeApproximator/tests/shapefbt_run_new.py,avila,2,151,/home/upadhyan/scratch/SagiXGBoostTreeApproximator
17754,python,/home/upadhyan/scratch/SagiXGBoostTreeApproximator/tests/shapefbt_run_new.py,avila,3,151,/home/upadhyan/scratch/SagiXGBoostTreeApproximator
17755,python,/home/upadhyan/scratch/SagiXGBoostTreeApproximator/tests/shapefbt_run_new.py,avila,4,151,/home/upadhyan/scratch/SagiXGBoostTreeApproximator
17756,python,/home/upadhyan/scratch/SagiXGBoostTreeApproximator/tests/shapefbt_run_new.py,avila,0,152,/home/upadhyan/scratch/SagiXGBoostTreeApproximator
17757,python,/home/upadhyan/scratch/SagiXGBoostTreeApproximator/tests/shapefbt_run_new.py,avila,1,152,/home/upadhyan/scratch/SagiXGBoostTreeApproximator
17758,python,/home/upadhyan/scratch/SagiXGBoostTreeApproximator/tests/shapefbt_run_new.py,avila,2,152,/home/upadhyan/scratch/SagiXGBoostTreeApproximator
17759,python,/home/upadhyan/scratch/SagiXGBoostTreeApproximator/tests/shapefbt_run_new.py,avila,3,152,/home/upadhyan/scratch/SagiXGBoostTreeApproximator
17760,python,/home/upadhyan/scratch/SagiXGBoostTreeApproximator/tests/shapefbt_run_new.py,avila,4,152,/home/upadhyan/scratch/SagiXGBoostTreeApproximator
17761,python,/home/upadhyan/scratch/SagiXGBoostTreeApproximator/tests/shapefbt_run_new.py,avila,0,153,/home/upadhyan/scratch/SagiXGBoostTreeApproximator
17762,python,/home/upadhyan/scratch/SagiXGBoostTreeApproximator/tests/shapefbt_run_new.py,avila,1,153,/home/upadhyan/scratch/SagiXGBoostTreeApproximator
17763,python,/home/upadhyan/scratch/SagiXGBoostTreeApproximator/tests/shapefbt_run_new.py,avila,2,153,/home/upadhyan/scratch/SagiXGBoostTreeApproximator
17764,python,/home/upadhyan/scratch/SagiXGBoostTreeApproximator/tests/shapefbt_run_new.py,avila,3,153,/home/upadhyan/scratch/SagiXGBoostTreeApproximator
17765,python,/home/upadhyan/scratch/SagiXGBoostTreeApproximator/tests/shapefbt_run_new.py,avila,4,153,/home/upadhyan/scratch/SagiXGBoostTreeApproximator
17766,python,/home/upadhyan/scratch/SagiXGBoostTreeApproximator/tests/shapefbt_run_new.py,avila,0,154,/home/upadhyan/scratch/SagiXGBoostTreeApproximator
17767,python,/home/upadhyan/scratch/SagiXGBoostTreeApproximator/tests/shapefbt_run_new.py,avila,1,154,/home/upadhyan/scratch/SagiXGBoostTreeApproximator
17768,python,/home/upadhyan/scratch/SagiXGBoostTreeApproximator/tests/shapefbt_run_new.py,avila,2,154,/home/upadhyan/scratch/SagiXGBoostTreeApproximator
17769,python,/home/upadhyan/scratch/SagiXGBoostTreeApproximator/tests/shapefbt_run_new.py,avila,3,154,/home/upadhyan/scratch/SagiXGBoostTreeApproximator
17770,python,/home/upadhyan/scratch/SagiXGBoostTreeApproximator/tests/shapefbt_run_new.py,avila,4,154,/home/upadhyan/scratch/SagiXGBoostTreeApproximator
17771,python,/home/upadhyan/scratch/SagiXGBoostTreeApproximator/tests/shapefbt_run_new.py,avila,0,155,/home/upadhyan/scratch/SagiXGBoostTreeApproximator
17774,python,/home/upadhyan/scratch/SagiXGBoostTreeApproximator/tests/shapefbt_run_new.py,avila,3,155,/home/upadhyan/scratch/SagiXGBoostTreeApproximator
17791,python,/home/upadhyan/scratch/SagiXGBoostTreeApproximator/tests/shapefbt_run_new.py,avila,0,159,/home/upadhyan/scratch/SagiXGBoostTreeApproximator
17792,python,/home/upadhyan/scratch/SagiXGBoostTreeApproximator/tests/shapefbt_run_new.py,avila,1,159,/home/upadhyan/scratch/SagiXGBoostTreeApproximator
17793,python,/home/upadhyan/scratch/SagiXGBoostTreeApproximator/tests/shapefbt_run_new.py,avila,2,159,/home/upadhyan/scratch/SagiXGBoostTreeApproximator
17794,python,/home/upadhyan/scratch/SagiXGBoostTreeApproximator/tests/shapefbt_run_new.py,avila,3,159,/home/upadhyan/scratch/SagiXGBoostTreeApproximator
17795,python,/home/upadhyan/scratch/SagiXGBoostTreeApproximator/tests/shapefbt_run_new.py,avila,4,159,/home/upadhyan/scratch/SagiXGBoostTreeApproximator
17796,python,/home/upadhyan/scratch/SagiXGBoostTreeApproximator/tests/shapefbt_run_new.py,avila,0,160,/home/upadhyan/scratch/SagiXGBoostTreeApproximator
17797,python,/home/upadhyan/scratch/SagiXGBoostTreeApproximator/tests/shapefbt_run_new.py,avila,1,160,/home/upadhyan/scratch/SagiXGBoostTreeApproximator
17798,python,/home/upadhyan/scratch/SagiXGBoostTreeApproximator/tests/shapefbt_run_new.py,avila,2,160,/home/upadhyan/scratch/SagiXGBoostTreeApproximator
17799,python,/home/upadhyan/scratch/SagiXGBoostTreeApproximator/tests/shapefbt_run_new.py,avila,3,160,/home/upadhyan/scratch/SagiXGBoostTreeApproximator
17800,python,/home/upadhyan/scratch/SagiXGBoostTreeApproximator/tests/shapefbt_run_new.py,avila,4,160,/home/upadhyan/scratch/SagiXGBoostTreeApproximator
17811,python,/home/upadhyan/scratch/SagiXGBoostTreeApproximator/tests/shapefbt_run_new.py,avila,0,163,/home/upadhyan/scratch/SagiXGBoostTreeApproximator
17812,python,/home/upadhyan/scratch/SagiXGBoostTreeApproximator/tests/shapefbt_run_new.py,avila,1,163,/home/upadhyan/scratch/SagiXGBoostTreeApproximator
17813,python,/home/upadhyan/scratch/SagiXGBoostTreeApproximator/tests/shapefbt_run_new.py,avila,2,163,/home/upadhyan/scratch/SagiXGBoostTreeApproximator
17814,python,/home/upadhyan/scratch/SagiXGBoostTreeApproximator/tests/shapefbt_run_new.py,avila,3,163,/home/upadhyan/scratch/SagiXGBoostTreeApproximator
17815,python,/home/upadhyan/scratch/SagiXGBoostTreeApproximator/tests/shapefbt_run_new.py,avila,4,163,/home/upadhyan/scratch/SagiXGBoostTreeApproximator
17826,python,/home/upadhyan/scratch/SagiXGBoostTreeApproximator/tests/shapefbt_run_new.py,avila,0,166,/home/upadhyan/scratch/SagiXGBoostTreeApproximator
17827,python,/home/upadhyan/scratch/SagiXGBoostTreeApproximator/tests/shapefbt_run_new.py,avila,1,166,/home/upadhyan/scratch/SagiXGBoostTreeApproximator
17828,python,/home/upadhyan/scratch/SagiXGBoostTreeApproximator/tests/shapefbt_run_new.py,avila,2,166,/home/upadhyan/scratch/SagiXGBoostTreeApproximator
17830,python,/home/upadhyan/scratch/SagiXGBoostTreeApproximator/tests/shapefbt_run_new.py,avila,4,166,/home/upadhyan/scratch/SagiXGBoostTreeApproximator
17831,python,/home/upadhyan/scratch/SagiXGBoostTreeApproximator/tests/shapefbt_run_new.py,avila,0,167,/home/upadhyan/scratch/SagiXGBoostTreeApproximator
17832,python,/home/upadhyan/scratch/SagiXGBoostTreeApproximator/tests/shapefbt_run_new.py,avila,1,167,/home/upadhyan/scratch/SagiXGBoostTreeApproximator
17833,python,/home/upadhyan/scratch/SagiXGBoostTreeApproximator/tests/shapefbt_run_new.py,avila,2,167,/home/upadhyan/scratch/SagiXGBoostTreeApproximator
17834,python,/home/upadhyan/scratch/SagiXGBoostTreeApproximator/tests/shapefbt_run_new.py,avila,3,167,/home/upadhyan/scratch/SagiXGBoostTreeApproximator
17835,python,/home/upadhyan/scratch/SagiXGBoostTreeApproximator/tests/shapefbt_run_new.py,avila,4,167,/home/upadhyan/scratch/SagiXGBoostTreeApproximator
17836,python,/home/upadhyan/scratch/SagiXGBoostTreeApproximator/tests/shapefbt_run_new.py,avila,0,168,/home/upadhyan/scratch/SagiXGBoostTreeApproximator
17837,python,/home/upadhyan/scratch/SagiXGBoostTreeApproximator/tests/shapefbt_run_new.py,avila,1,168,/home/upadhyan/scratch/SagiXGBoostTreeApproximator
17838,python,/home/upadhyan/scratch/SagiXGBoostTreeApproximator/tests/shapefbt_run_new.py,avila,2,168,/home/upadhyan/scratch/SagiXGBoostTreeApproximator
17839,python,/home/upadhyan/scratch/SagiXGBoostTreeApproximator/tests/shapefbt_run_new.py,avila,3,168,/home/upadhyan/scratch/SagiXGBoostTreeApproximator
17840,python,/home/upadhyan/scratch/SagiXGBoostTreeApproximator/tests/shapefbt_run_new.py,avila,4,168,/home/upadhyan/scratch/SagiXGBoostTreeApproximator
17841,python,/home/upadhyan/scratch/SagiXGBoostTreeApproximator/tests/shapefbt_run_new.py,avila,0,169,/home/upadhyan/scratch/SagiXGBoostTreeApproximator
17842,python,/home/upadhyan/scratch/SagiXGBoostTreeApproximator/tests/shapefbt_run_new.py,avila,1,169,/home/upadhyan/scratch/SagiXGBoostTreeApproximator
17843,python,/home/upadhyan/scratch/SagiXGBoostTreeApproximator/tests/shapefbt_run_new.py,avila,2,169,/home/upadhyan/scratch/SagiXGBoostTreeApproximator
17844,python,/home/upadhyan/scratch/SagiXGBoostTreeApproximator/tests/shapefbt_run_new.py,avila,3,169,/home/upadhyan/scratch/SagiXGBoostTreeApproximator
17845,python,/home/upadhyan/scratch/SagiXGBoostTreeApproximator/tests/shapefbt_run_new.py,avila,4,169,/home/upadhyan/scratch/SagiXGBoostTreeApproximator
17852,python,/home/upadhyan/scratch/SagiXGBoostTreeApproximator/tests/shapefbt_run_new.py,avila,1,171,/home/upadhyan/scratch/SagiXGBoostTreeApproximator
17854,python,/home/upadhyan/scratch/SagiXGBoostTreeApproximator/tests/shapefbt_run_new.py,avila,3,171,/home/upadhyan/scratch/SagiXGBoostTreeApproximator
17855,python,/home/upadhyan/scratch/SagiXGBoostTreeApproximator/tests/shapefbt_run_new.py,avila,4,171,/home/upadhyan/scratch/SagiXGBoostTreeApproximator
17861,python,/home/upadhyan/scratch/SagiXGBoostTreeApproximator/tests/shapefbt_run_new.py,avila,0,173,/home/upadhyan/scratch/SagiXGBoostTreeApproximator
17862,python,/home/upadhyan/scratch/SagiXGBoostTreeApproximator/tests/shapefbt_run_new.py,avila,1,173,/home/upadhyan/scratch/SagiXGBoostTreeApproximator
17863,python,/home/upadhyan/scratch/SagiXGBoostTreeApproximator/tests/shapefbt_run_new.py,avila,2,173,/home/upadhyan/scratch/SagiXGBoostTreeApproximator
17864,python,/home/upadhyan/scratch/SagiXGBoostTreeApproximator/tests/shapefbt_run_new.py,avila,3,173,/home/upadhyan/scratch/SagiXGBoostTreeApproximator
17865,python,/home/upadhyan/scratch/SagiXGBoostTreeApproximator/tests/shapefbt_run_new.py,avila,4,173,/home/upadhyan/scratch/SagiXGBoostTreeApproximator
17866,python,/home/upadhyan/scratch/SagiXGBoostTreeApproximator/tests/shapefbt_run_new.py,avila,0,174,/home/upadhyan/scratch/SagiXGBoostTreeApproximator
17867,python,/home/upadhyan/scratch/SagiXGBoostTreeApproximator/tests/shapefbt_run_new.py,avila,1,174,/home/upadhyan/scratch/SagiXGBoostTreeApproximator
17868,python,/home/upadhyan/scratch/SagiXGBoostTreeApproximator/tests/shapefbt_run_new.py,avila,2,174,/home/upadhyan/scratch/SagiXGBoostTreeApproximator
17869,python,/home/upadhyan/scratch/SagiXGBoostTreeApproximator/tests/shapefbt_run_new.py,avila,3,174,/home/upadhyan/scratch/SagiXGBoostTreeApproximator
17870,python,/home/upadhyan/scratch/SagiXGBoostTreeApproximator/tests/shapefbt_run_new.py,avila,4,174,/home/upadhyan/scratch/SagiXGBoostTreeApproximator
17871,python,/home/upadhyan/scratch/SagiXGBoostTreeApproximator/tests/shapefbt_run_new.py,avila,0,175,/home/upadhyan/scratch/SagiXGBoostTreeApproximator
17872,python,/home/upadhyan/scratch/SagiXGBoostTreeApproximator/tests/shapefbt_run_new.py,avila,1,175,/home/upadhyan/scratch/SagiXGBoostTreeApproximator
17873,python,/home/upadhyan/scratch/SagiXGBoostTreeApproximator/tests/shapefbt_run_new.py,avila,2,175,/home/upadhyan/scratch/SagiXGBoostTreeApproximator
17874,python,/home/upadhyan/scratch/SagiXGBoostTreeApproximator/tests/shapefbt_run_new.py,avila,3,175,/home/upadhyan/scratch/SagiXGBoostTreeApproximator
17875,python,/home/upadhyan/scratch/SagiXGBoostTreeApproximator/tests/shapefbt_run_new.py,avila,4,175,/home/upadhyan/scratch/SagiXGBoostTreeApproximator
17886,python,/home/upadhyan/scratch/SagiXGBoostTreeApproximator/tests/shapefbt_run_new.py,avila,0,178,/home/upadhyan/scratch/SagiXGBoostTreeApproximator
17887,python,/home/upadhyan/scratch/SagiXGBoostTreeApproximator/tests/shapefbt_run_new.py,avila,1,178,/home/upadhyan/scratch/SagiXGBoostTreeApproximator
17888,python,/home/upadhyan/scratch/SagiXGBoostTreeApproximator/tests/shapefbt_run_new.py,avila,2,178,/home/upadhyan/scratch/SagiXGBoostTreeApproximator
17889,python,/home/upadhyan/scratch/SagiXGBoostTreeApproximator/tests/shapefbt_run_new.py,avila,3,178,/home/upadhyan/scratch/SagiXGBoostTreeApproximator
17890,python,/home/upadhyan/scratch/SagiXGBoostTreeApproximator/tests/shapefbt_run_new.py,avila,4,178,/home/upadhyan/scratch/SagiXGBoostTreeApproximator
17891,python,/home/upadhyan/scratch/SagiXGBoostTreeApproximator/tests/shapefbt_run_new.py,avila,0,179,/home/upadhyan/scratch/SagiXGBoostTreeApproximator
17892,python,/home/upadhyan/scratch/SagiXGBoostTreeApproximator/tests/shapefbt_run_new.py,avila,1,179,/home/upadhyan/scratch/SagiXGBoostTreeApproximator
17893,python,/home/upadhyan/scratch/SagiXGBoostTreeApproximator/tests/shapefbt_run_new.py,avila,2,179,/home/upadhyan/scratch/SagiXGBoostTreeApproximator
17894,python,/home/upadhyan/scratch/SagiXGBoostTreeApproximator/tests/shapefbt_run_new.py,avila,3,179,/home/upadhyan/scratch/SagiXGBoostTreeApproximator
17895,python,/home/upadhyan/scratch/SagiXGBoostTreeApproximator/tests/shapefbt_run_new.py,avila,4,179,/home/upadhyan/scratch/SagiXGBoostTreeApproximator
17896,python,/home/upadhyan/scratch/SagiXGBoostTreeApproximator/tests/shapefbt_run_new.py,avila,0,180,/home/upadhyan/scratch/SagiXGBoostTreeApproximator
17897,python,/home/upadhyan/scratch/SagiXGBoostTreeApproximator/tests/shapefbt_run_new.py,avila,1,180,/home/upadhyan/scratch/SagiXGBoostTreeApproximator
17898,python,/home/upadhyan/scratch/SagiXGBoostTreeApproximator/tests/shapefbt_run_new.py,avila,2,180,/home/upadhyan/scratch/SagiXGBoostTreeApproximator
17899,python,/home/upadhyan/scratch/SagiXGBoostTreeApproximator/tests/shapefbt_run_new.py,avila,3,180,/home/upadhyan/scratch/SagiXGBoostTreeApproximator
17900,python,/home/upadhyan/scratch/SagiXGBoostTreeApproximator/tests/shapefbt_run_new.py,avila,4,180,/home/upadhyan/scratch/SagiXGBoostTreeApproximator
17901,python,/home/upadhyan/scratch/SagiXGBoostTreeApproximator/tests/shapefbt_run_new.py,avila,0,181,/home/upadhyan/scratch/SagiXGBoostTreeApproximator
17902,python,/home/upadhyan/scratch/SagiXGBoostTreeApproximator/tests/shapefbt_run_new.py,avila,1,181,/home/upadhyan/scratch/SagiXGBoostTreeApproximator
17903,python,/home/upadhyan/scratch/SagiXGBoostTreeApproximator/tests/shapefbt_run_new.py,avila,2,181,/home/upadhyan/scratch/SagiXGBoostTreeApproximator
17904,python,/home/upadhyan/scratch/SagiXGBoostTreeApproximator/tests/shapefbt_run_new.py,avila,3,181,/home/upadhyan/scratch/SagiXGBoostTreeApproximator
17905,python,/home/upadhyan/scratch/SagiXGBoostTreeApproximator/tests/shapefbt_run_new.py,avila,4,181,/home/upadhyan/scratch/SagiXGBoostTreeApproximator
17906,python,/home/upadhyan/scratch/SagiXGBoostTreeApproximator/tests/shapefbt_run_new.py,avila,0,182,/home/upadhyan/scratch/SagiXGBoostTreeApproximator
17907,python,/home/upadhyan/scratch/SagiXGBoostTreeApproximator/tests/shapefbt_run_new.py,avila,1,182,/home/upadhyan/scratch/SagiXGBoostTreeApproximator
17908,python,/home/upadhyan/scratch/SagiXGBoostTreeApproximator/tests/shapefbt_run_new.py,avila,2,182,/home/upadhyan/scratch/SagiXGBoostTreeApproximator
17909,python,/home/upadhyan/scratch/SagiXGBoostTreeApproximator/tests/shapefbt_run_new.py,avila,3,182,/home/upadhyan/scratch/SagiXGBoostTreeApproximator
17910,python,/home/upadhyan/scratch/SagiXGBoostTreeApproximator/tests/shapefbt_run_new.py,avila,4,182,/home/upadhyan/scratch/SagiXGBoostTreeApproximator
17911,python,/home/upadhyan/scratch/SagiXGBoostTreeApproximator/tests/shapefbt_run_new.py,avila,0,183,/home/upadhyan/scratch/SagiXGBoostTreeApproximator
17912,python,/home/upadhyan/scratch/SagiXGBoostTreeApproximator/tests/shapefbt_run_new.py,avila,1,183,/home/upadhyan/scratch/SagiXGBoostTreeApproximator
17913,python,/home/upadhyan/scratch/SagiXGBoostTreeApproximator/tests/shapefbt_run_new.py,avila,2,183,/home/upadhyan/scratch/SagiXGBoostTreeApproximator
17914,python,/home/upadhyan/scratch/SagiXGBoostTreeApproximator/tests/shapefbt_run_new.py,avila,3,183,/home/upadhyan/scratch/SagiXGBoostTreeApproximator
17915,python,/home/upadhyan/scratch/SagiXGBoostTreeApproximator/tests/shapefbt_run_new.py,avila,4,183,/home/upadhyan/scratch/SagiXGBoostTreeApproximator
17921,python,/home/upadhyan/scratch/SagiXGBoostTreeApproximator/tests/shapefbt_run_new.py,avila,0,185,/home/upadhyan/scratch/SagiXGBoostTreeApproximator
17922,python,/home/upadhyan/scratch/SagiXGBoostTreeApproximator/tests/shapefbt_run_new.py,avila,1,185,/home/upadhyan/scratch/SagiXGBoostTreeApproximator
17923,python,/home/upadhyan/scratch/SagiXGBoostTreeApproximator/tests/shapefbt_run_new.py,avila,2,185,/home/upadhyan/scratch/SagiXGBoostTreeApproximator
17924,python,/home/upadhyan/scratch/SagiXGBoostTreeApproximator/tests/shapefbt_run_new.py,avila,3,185,/home/upadhyan/scratch/SagiXGBoostTreeApproximator
17925,python,/home/upadhyan/scratch/SagiXGBoostTreeApproximator/tests/shapefbt_run_new.py,avila,4,185,/home/upadhyan/scratch/SagiXGBoostTreeApproximator
17928,python,/home/upadhyan/scratch/SagiXGBoostTreeApproximator/tests/shapefbt_run_new.py,avila,2,186,/home/upadhyan/scratch/SagiXGBoostTreeApproximator
17931,python,/home/upadhyan/scratch/SagiXGBoostTreeApproximator/tests/shapefbt_run_new.py,avila,0,187,/home/upadhyan/scratch/SagiXGBoostTreeApproximator
17932,python,/home/upadhyan/scratch/SagiXGBoostTreeApproximator/tests/shapefbt_run_new.py,avila,1,187,/home/upadhyan/scratch/SagiXGBoostTreeApproximator
17933,python,/home/upadhyan/scratch/SagiXGBoostTreeApproximator/tests/shapefbt_run_new.py,avila,2,187,/home/upadhyan/scratch/SagiXGBoostTreeApproximator
17934,python,/home/upadhyan/scratch/SagiXGBoostTreeApproximator/tests/shapefbt_run_new.py,avila,3,187,/home/upadhyan/scratch/SagiXGBoostTreeApproximator
17935,python,/home/upadhyan/scratch/SagiXGBoostTreeApproximator/tests/shapefbt_run_new.py,avila,4,187,/home/upadhyan/scratch/SagiXGBoostTreeApproximator
17941,python,/home/upadhyan/scratch/SagiXGBoostTreeApproximator/tests/shapefbt_run_new.py,avila,0,189,/home/upadhyan/scratch/SagiXGBoostTreeApproximator
17942,python,/home/upadhyan/scratch/SagiXGBoostTreeApproximator/tests/shapefbt_run_new.py,avila,1,189,/home/upadhyan/scratch/SagiXGBoostTreeApproximator
17943,python,/home/upadhyan/scratch/SagiXGBoostTreeApproximator/tests/shapefbt_run_new.py,avila,2,189,/home/upadhyan/scratch/SagiXGBoostTreeApproximator
17944,python,/home/upadhyan/scratch/SagiXGBoostTreeApproximator/tests/shapefbt_run_new.py,avila,3,189,/home/upadhyan/scratch/SagiXGBoostTreeApproximator
17945,python,/home/upadhyan/scratch/SagiXGBoostTreeApproximator/tests/shapefbt_run_new.py,avila,4,189,/home/upadhyan/scratch/SagiXGBoostTreeApproximator
17946,python,/home/upadhyan/scratch/SagiXGBoostTreeApproximator/tests/shapefbt_run_new.py,avila,0,190,/home/upadhyan/scratch/SagiXGBoostTreeApproximator
17947,python,/home/upadhyan/scratch/SagiXGBoostTreeApproximator/tests/shapefbt_run_new.py,avila,1,190,/home/upadhyan/scratch/SagiXGBoostTreeApproximator
17948,python,/home/upadhyan/scratch/SagiXGBoostTreeApproximator/tests/shapefbt_run_new.py,avila,2,190,/home/upadhyan/scratch/SagiXGBoostTreeApproximator
17949,python,/home/upadhyan/scratch/SagiXGBoostTreeApproximator/tests/shapefbt_run_new.py,avila,3,190,/home/upadhyan/scratch/SagiXGBoostTreeApproximator
17950,python,/home/upadhyan/scratch/SagiXGBoostTreeApproximator/tests/shapefbt_run_new.py,avila,4,190,/home/upadhyan/scratch/SagiXGBoostTreeApproximator
17961,python,/home/upadhyan/scratch/SagiXGBoostTreeApproximator/tests/shapefbt_run_new.py,avila,0,193,/home/upadhyan/scratch/SagiXGBoostTreeApproximator
17962,python,/home/upadhyan/scratch/SagiXGBoostTreeApproximator/tests/shapefbt_run_new.py,avila,1,193,/home/upadhyan/scratch/SagiXGBoostTreeApproximator
17963,python,/home/upadhyan/scratch/SagiXGBoostTreeApproximator/tests/shapefbt_run_new.py,avila,2,193,/home/upadhyan/scratch/SagiXGBoostTreeApproximator
17964,python,/home/upadhyan/scratch/SagiXGBoostTreeApproximator/tests/shapefbt_run_new.py,avila,3,193,/home/upadhyan/scratch/SagiXGBoostTreeApproximator
17965,python,/home/upadhyan/scratch/SagiXGBoostTreeApproximator/tests/shapefbt_run_new.py,avila,4,193,/home/upadhyan/scratch/SagiXGBoostTreeApproximator
17966,python,/home/upadhyan/scratch/SagiXGBoostTreeApproximator/tests/shapefbt_run_new.py,avila,0,194,/home/upadhyan/scratch/SagiXGBoostTreeApproximator
17967,python,/home/upadhyan/scratch/SagiXGBoostTreeApproximator/tests/shapefbt_run_new.py,avila,1,194,/home/upadhyan/scratch/SagiXGBoostTreeApproximator
17968,python,/home/upadhyan/scratch/SagiXGBoostTreeApproximator/tests/shapefbt_run_new.py,avila,2,194,/home/upadhyan/scratch/SagiXGBoostTreeApproximator
17969,python,/home/upadhyan/scratch/SagiXGBoostTreeApproximator/tests/shapefbt_run_new.py,avila,3,194,/home/upadhyan/scratch/SagiXGBoostTreeApproximator
17970,python,/home/upadhyan/scratch/SagiXGBoostTreeApproximator/tests/shapefbt_run_new.py,avila,4,194,/home/upadhyan/scratch/SagiXGBoostTreeApproximator
17971,python,/home/upadhyan/scratch/SagiXGBoostTreeApproximator/tests/shapefbt_run_new.py,avila,0,195,/home/upadhyan/scratch/SagiXGBoostTreeApproximator
17972,python,/home/upadhyan/scratch/SagiXGBoostTreeApproximator/tests/shapefbt_run_new.py,avila,1,195,/home/upadhyan/scratch/SagiXGBoostTreeApproximator
17973,python,/home/upadhyan/scratch/SagiXGBoostTreeApproximator/tests/shapefbt_run_new.py,avila,2,195,/home/upadhyan/scratch/SagiXGBoostTreeApproximator
17974,python,/home/upadhyan/scratch/SagiXGBoostTreeApproximator/tests/shapefbt_run_new.py,avila,3,195,/home/upadhyan/scratch/SagiXGBoostTreeApproximator
17975,python,/home/upadhyan/scratch/SagiXGBoostTreeApproximator/tests/shapefbt_run_new.py,avila,4,195,/home/upadhyan/scratch/SagiXGBoostTreeApproximator
17976,python,/home/upadhyan/scratch/SagiXGBoostTreeApproximator/tests/shapefbt_run_new.py,avila,0,196,/home/upadhyan/scratch/SagiXGBoostTreeApproximator
17977,python,/home/upadhyan/scratch/SagiXGBoostTreeApproximator/tests/shapefbt_run_new.py,avila,1,196,/home/upadhyan/scratch/SagiXGBoostTreeApproximator
17978,python,/home/upadhyan/scratch/SagiXGBoostTreeApproximator/tests/shapefbt_run_new.py,avila,2,196,/home/upadhyan/scratch/SagiXGBoostTreeApproximator
17979,python,/home/upadhyan/scratch/SagiXGBoostTreeApproximator/tests/shapefbt_run_new.py,avila,3,196,/home/upadhyan/scratch/SagiXGBoostTreeApproximator
17980,python,/home/upadhyan/scratch/SagiXGBoostTreeApproximator/tests/shapefbt_run_new.py,avila,4,196,/home/upadhyan/scratch/SagiXGBoostTreeApproximator
17981,python,/home/upadhyan/scratch/SagiXGBoostTreeApproximator/tests/shapefbt_run_new.py,avila,0,197,/home/upadhyan/scratch/SagiXGBoostTreeApproximator
17982,python,/home/upadhyan/scratch/SagiXGBoostTreeApproximator/tests/shapefbt_run_new.py,avila,1,197,/home/upadhyan/scratch/SagiXGBoostTreeApproximator
17983,python,/home/upadhyan/scratch/SagiXGBoostTreeApproximator/tests/shapefbt_run_new.py,avila,2,197,/home/upadhyan/scratch/SagiXGBoostTreeApproximator
17984,python,/home/upadhyan/scratch/SagiXGBoostTreeApproximator/tests/shapefbt_run_new.py,avila,3,197,/home/upadhyan/scratch/SagiXGBoostTreeApproximator
17985,python,/home/upadhyan/scratch/SagiXGBoostTreeApproximator/tests/shapefbt_run_new.py,avila,4,197,/home/upadhyan/scratch/SagiXGBoostTreeApproximator
17986,python,/home/upadhyan/scratch/SagiXGBoostTreeApproximator/tests/shapefbt_run_new.py,avila,0,198,/home/upadhyan/scratch/SagiXGBoostTreeApproximator
17987,python,/home/upadhyan/scratch/SagiXGBoostTreeApproximator/tests/shapefbt_run_new.py,avila,1,198,/home/upadhyan/scratch/SagiXGBoostTreeApproximator
17988,python,/home/upadhyan/scratch/SagiXGBoostTreeApproximator/tests/shapefbt_run_new.py,avila,2,198,/home/upadhyan/scratch/SagiXGBoostTreeApproximator
17989,python,/home/upadhyan/scratch/SagiXGBoostTreeApproximator/tests/shapefbt_run_new.py,avila,3,198,/home/upadhyan/scratch/SagiXGBoostTreeApproximator
17990,python,/home/upadhyan/scratch/SagiXGBoostTreeApproximator/tests/shapefbt_run_new.py,avila,4,198,/home/upadhyan/scratch/SagiXGBoostTreeApproximator
17991,python,/home/upadhyan/scratch/SagiXGBoostTreeApproximator/tests/shapefbt_run_new.py,avila,0,199,/home/upadhyan/scratch/SagiXGBoostTreeApproximator
17992,python,/home/upadhyan/scratch/SagiXGBoostTreeApproximator/tests/shapefbt_run_new.py,avila,1,199,/home/upadhyan/scratch/SagiXGBoostTreeApproximator
17993,python,/home/upadhyan/scratch/SagiXGBoostTreeApproximator/tests/shapefbt_run_new.py,avila,2,199,/home/upadhyan/scratch/SagiXGBoostTreeApproximator
17994,python,/home/upadhyan/scratch/SagiXGBoostTreeApproximator/tests/shapefbt_run_new.py,avila,3,199,/home/upadhyan/scratch/SagiXGBoostTreeApproximator
17995,python,/home/upadhyan/scratch/SagiXGBoostTreeApproximator/tests/shapefbt_run_new.py,avila,4,199,/home/upadhyan/scratch/SagiXGBoostTreeApproximator
17996,python,/home/upadhyan/scratch/SagiXGBoostTreeApproximator/tests/shapefbt_run_new.py,avila,0,200,/home/upadhyan/scratch/SagiXGBoostTreeApproximator
17997,python,/home/upadhyan/scratch/SagiXGBoostTreeApproximator/tests/shapefbt_run_new.py,avila,1,200,/home/upadhyan/scratch/SagiXGBoostTreeApproximator
17998,python,/home/upadhyan/scratch/SagiXGBoostTreeApproximator/tests/shapefbt_run_new.py,avila,2,200,/home/upadhyan/scratch/SagiXGBoostTreeApproximator
17999,python,/home/upadhyan/scratch/SagiXGBoostTreeApproximator/tests/shapefbt_run_new.py,avila,3,200,/home/upadhyan/scratch/SagiXGBoostTreeApproximator
18000,python,/home/upadhyan/scratch/SagiXGBoostTreeApproximator/tests/shapefbt_run_new.py,avila,4,200,/home/upadhyan/scratch/SagiXGBoostTreeApproximator
